image_id,name,source_file_name,source_url,download_url,license,source_categories,width,height,sha256,split,annotation_count
1064,taco_001064.jpg,batch_5/000049.JPG,https://farm66.staticflickr.com/65535/33978899298_50a618f462_o.png,https://farm66.staticflickr.com/65535/33978899298_59b017a85f_z.jpg,CC BY 4.0 (TACO default for missing image license),Corrugated carton; Disposable plastic cup; Normal paper; Paper bag; Plastic lid; Plastic straw,480,640,60ae01e19d25a8474060efe2720dd6243f5dc9ef5102d4410131286c4828cef4,train,10
797,taco_000797.jpg,batch_3/IMG_5046.JPG,https://farm66.staticflickr.com/65535/47066320004_1855aac82a_o.png,https://farm66.staticflickr.com/65535/47066320004_4e27408991_z.jpg,CC BY 4.0 (TACO default for missing image license),Food Can; Glass jar; Metal lid; Pop tab,480,640,34190c7f201193a3825dfd63baf8a2cc4314fa844609de644c9c77cae980410a,train,4
804,taco_000804.jpg,batch_3/IMG_5054.JPG,https://farm66.staticflickr.com/65535/47855768871_e92dd848d5_o.png,https://farm66.staticflickr.com/65535/47855768871_f90563eefe_z.jpg,CC BY 4.0 (TACO default for missing image license),Disposable plastic cup; Drink can; Plastic lid; Plastic straw,480,640,be1b984021740bb8c20810eabb4498e9bdcf56236b6f1642bbb1bdcf1d5a8f4a,train,4
937,taco_000937.jpg,batch_4/000069.JPG,https://farm66.staticflickr.com/65535/32911984517_32593e20fb_o.png,https://farm66.staticflickr.com/65535/32911984517_2d36486abc_z.jpg,CC BY 4.0 (TACO default for missing image license),Metal bottle cap,640,480,c856dca20133e7fc05688610462498893e3d592172fff448d3dcc20a1990ab25,train,1
977,taco_000977.jpg,batch_5/000086.JPG,https://farm66.staticflickr.com/65535/40889540273_21c18d329e_o.png,https://farm66.staticflickr.com/65535/40889540273_262fc7dd19_z.jpg,CC BY 4.0 (TACO default for missing image license),Other plastic,640,480,aa2707589821a43058a6585827fda04c164074f0b40ee75f5db768237a01e0f9,train,1
1040,taco_001040.jpg,batch_5/000023.JPG,https://farm66.staticflickr.com/65535/47803973502_e59d58cbcf_o.png,https://farm66.staticflickr.com/65535/47803973502_e1ba81c8bd_z.jpg,CC BY 4.0 (TACO default for missing image license),Plastic film,480,640,fb1b2d8b450ebbec62f266b6af28523fe0953c22671c49133e106d30e90dd1ba,train,1
1102,taco_001102.jpg,batch_6/000077.JPG,https://farm66.staticflickr.com/65535/32912101117_743a26fa9f_o.png,https://farm66.staticflickr.com/65535/32912101117_49dffcc8e3_z.jpg,CC BY 4.0 (TACO default for missing image license),Glass bottle,640,480,15da3a14ff63284e3a607b61a09dd2539c2274159aa2e4672e23c73731497a82,train,1
1139,taco_001139.jpg,batch_6/000038.JPG,https://farm66.staticflickr.com/65535/40889627853_8fe80a1ed2_o.png,https://farm66.staticflickr.com/65535/40889627853_7ac8b3ac13_z.jpg,CC BY 4.0 (TACO default for missing image license),Clear plastic bottle; Plastic film,640,480,1596d414b3cf5dadd630f47f78abba4d917c022664ec688f0a7a52816411ca26,train,3
1141,taco_001141.jpg,batch_6/000036.JPG,https://farm66.staticflickr.com/65535/40889628343_8b3f4e784b_o.png,https://farm66.staticflickr.com/65535/40889628343_293432e5a0_z.jpg,CC BY 4.0 (TACO default for missing image license),Clear plastic bottle; Drink can,640,480,a200eb57d14be0574d2ed6c06c0817129b0d0727bab42b17da381adbcd9a0cbe,train,5
822,taco_000822.jpg,batch_3/IMG_4876.JPG,https://farm66.staticflickr.com/65535/47803615012_9b8ba5b3c5_o.png,https://farm66.staticflickr.com/65535/47803615012_57a717058c_z.jpg,CC BY 4.0 (TACO default for missing image license),Plastic film,480,640,68079a205a615aad3ce5d0ccb1a95fbfca235d7269d44bd6e235310f763e7f07,train,1
828,taco_000828.jpg,batch_3/IMG_4889.JPG,https://farm66.staticflickr.com/65535/33978454068_de5da78a51_o.png,https://farm66.staticflickr.com/65535/33978454068_3e2a9a544d_z.jpg,CC BY 4.0 (TACO default for missing image license),Drink can,480,640,9bd6e27151b78f6e5608c820a64ac08d5036072fdd54b281e157ae9cd78ffb69,train,1
889,taco_000889.jpg,batch_4/000012.JPG,https://farm66.staticflickr.com/65535/40889459383_ac2446918a_o.png,https://farm66.staticflickr.com/65535/40889459383_b0c8a61dba_z.jpg,CC BY 4.0 (TACO default for missing image license),Other plastic,480,640,05cf64f9631d39549786656a3f6340665e992a0df703fddd9405682d5882812a,train,1
945,taco_000945.jpg,batch_4/000079.JPG,https://farm66.staticflickr.com/65535/40889498863_b10fb3f014_o.png,https://farm66.staticflickr.com/65535/40889498863_4393177ef7_z.jpg,CC BY 4.0 (TACO default for missing image license),Plastic film,640,480,6372d057aa2e8956c8e6585c53fb5faacb5db07d32032147f5b3461813de5afb,train,1
908,taco_000908.jpg,batch_4/000036.JPG,https://farm66.staticflickr.com/65535/40889468983_747baf628d_o.png,https://farm66.staticflickr.com/65535/40889468983_26e5625e22_z.jpg,CC BY 4.0 (TACO default for missing image license),Other plastic,480,640,4cecfedadeeedf5803036aaf74a30862b3831955531e200f362d9468ed4d4faf,train,1
1205,taco_001205.jpg,batch_7/000038.JPG,https://farm66.staticflickr.com/65535/40889670973_c226b8b2bb_o.png,https://farm66.staticflickr.com/65535/40889670973_b3c3efa7cb_z.jpg,CC BY 4.0 (TACO default for missing image license),Plastic straw,480,640,f38bda6b39f797a0692a9481e60df0e28cfc52b4314432e9c8461d25d9e69ade,train,1
1260,taco_001260.jpg,batch_7/000100.JPG,https://farm66.staticflickr.com/65535/40889722163_26bcdec9b1_o.png,https://farm66.staticflickr.com/65535/40889722163_2ef98b440b_z.jpg,CC BY 4.0 (TACO default for missing image license),Other plastic,640,480,530375fc952e8b77bd00bbaba680431a66594c3019238f788582f5370d18d299,train,1
1261,taco_001261.jpg,batch_7/000101.JPG,https://farm66.staticflickr.com/65535/46940065025_9025d665aa_o.png,https://farm66.staticflickr.com/65535/46940065025_9d59ca6cb0_z.jpg,CC BY 4.0 (TACO default for missing image license),Other plastic,640,480,a45fa2ce7035e315f335e113991927334ff6e97bea64d55d9f9543ca308273be,train,1
37,taco_000037.jpg,batch_1/000013.jpg,https://farm66.staticflickr.com/65535/33978209058_cddb7831d8_o.png,https://farm66.staticflickr.com/65535/33978209058_6aaa69d0e4_z.jpg,CC BY 4.0 (TACO default for missing image license),Glass bottle,480,640,1be0475a3efecf67c9665742c6cfe1c081efcc36dd81c62b0c17ddcca55d0a01,train,1
1168,taco_001168.jpg,batch_6/000006.JPG,https://farm66.staticflickr.com/65535/46939996455_001c43bb07_o.png,https://farm66.staticflickr.com/65535/46939996455_7a5739ddc8_z.jpg,CC BY 4.0 (TACO default for missing image license),Clear plastic bottle; Plastic bottle cap,640,480,5bd27d6d6acf2ebcc088e078ccf0c4f3f9aeb7e7bcce80b279d21970d07c401f,train,3
1131,taco_001131.jpg,batch_6/000047.JPG,https://farm66.staticflickr.com/65535/47066789274_3fd0307671_o.png,https://farm66.staticflickr.com/65535/47066789274_81eb7aaa0f_z.jpg,CC BY 4.0 (TACO default for missing image license),Clear plastic bottle; Plastic bottle cap,640,480,54af7bb52ecc68564537bad62605e8cb9434e5ba993a09d090deadba1b91f137,train,2
1157,taco_001157.jpg,batch_6/000019.JPG,https://farm66.staticflickr.com/65535/47804039552_c3695ae1fa_o.png,https://farm66.staticflickr.com/65535/47804039552_1824e55b4d_z.jpg,CC BY 4.0 (TACO default for missing image license),Clear plastic bottle; Plastic bottle cap,640,480,54d157341151b59d349a068bade847fa80f32de98c56dfe00c1007ad41679801,train,2
1081,taco_001081.jpg,batch_6/000100.JPG,https://farm66.staticflickr.com/65535/33978915118_ebe103f82b_o.png,https://farm66.staticflickr.com/65535/33978915118_5d150ee938_z.jpg,CC BY 4.0 (TACO default for missing image license),Clear plastic bottle,640,480,c6d73cb837a8aff23c49aad649904d761eaec32672cddb1ff43412d1912583ee,train,2
1110,taco_001110.jpg,batch_6/000069.JPG,https://farm66.staticflickr.com/65535/40889615643_07063485a2_o.png,https://farm66.staticflickr.com/65535/40889615643_024ee487b2_z.jpg,CC BY 4.0 (TACO default for missing image license),Clear plastic bottle,640,480,b274adb2919b0ebbe0e90b329e0ab0012f7fcec5be521dfe7c249ba5bcfaabaa,train,2
1084,taco_001084.jpg,batch_6/000097.JPG,https://farm66.staticflickr.com/65535/47856223821_9d02b1f829_o.png,https://farm66.staticflickr.com/65535/47856223821_2b00626c8e_z.jpg,CC BY 4.0 (TACO default for missing image license),Clear plastic bottle; Other plastic wrapper; Plastic bottle cap,640,480,473d7ce8aa4923d3185a47db572a7db43b7a7404412b5b61f2011e7bb6b918c5,train,5
1147,taco_001147.jpg,batch_6/000029.JPG,https://farm66.staticflickr.com/65535/47804035482_c719d035e8_o.png,https://farm66.staticflickr.com/65535/47804035482_b68dc57ae4_z.jpg,CC BY 4.0 (TACO default for missing image license),Clear plastic bottle; Plastic bottle cap,640,480,a5c0b3c6e061dce2ddc60153e6f4ab0b8ad8e0f7234cbf6ad691ed9a69658c8e,train,3
69,taco_000069.jpg,batch_1/000091.JPG,https://farm66.staticflickr.com/65535/32911419327_f4d5aa3dd4_o.png,https://farm66.staticflickr.com/65535/32911419327_14e297f69a_z.jpg,CC BY 4.0 (TACO default for missing image license),Metal bottle cap,640,480,1490a072bfdec32e05af97f3bbaf1746d7a8a98ca7f42599e46e7c4d0b08c503,train,1
1076,taco_001076.jpg,batch_6/000052.JPG,https://farm66.staticflickr.com/65535/33978912708_2f0f04d2c0_o.png,https://farm66.staticflickr.com/65535/33978912708_215eb02da2_z.jpg,CC BY 4.0 (TACO default for missing image license),Disposable plastic cup,480,640,f034e606b0cf2bd163d6d53fc579ee9c88f4eed819ee706ff5b375f57cf2d60e,train,1
954,taco_000954.jpg,batch_4/000088.JPG,https://farm66.staticflickr.com/65535/47803919102_ce2225a2cf_o.png,https://farm66.staticflickr.com/65535/47803919102_f020082796_z.jpg,CC BY 4.0 (TACO default for missing image license),Plastic film; Styrofoam piece,480,640,97aa72cedf073d1605d00290d09d7988fc659f8669f2e662b0f7942bbc33199c,train,4
1089,taco_001089.jpg,batch_6/000092.JPG,https://farm66.staticflickr.com/65535/46939959885_65d9e0bdb8_o.png,https://farm66.staticflickr.com/65535/46939959885_740c94ae89_z.jpg,CC BY 4.0 (TACO default for missing image license),Other plastic; Plastic lid; Plastic straw,480,640,786fa04131fc1e32a57e779ead3acfbb35e478b307fd7b5a3b8c220406fa0edc,train,3
1060,taco_001060.jpg,batch_5/000045.JPG,https://farm66.staticflickr.com/65535/47066740174_acf1e51363_o.png,https://farm66.staticflickr.com/65535/47066740174_78fa35335e_z.jpg,CC BY 4.0 (TACO default for missing image license),Other plastic; Plastic film,480,640,8619d7d8a16302a1783b20bf4ff201bf81546d23a2ee246eddf4f4b46f91b183,train,4
859,taco_000859.jpg,batch_3/IMG_4967.JPG,https://farm66.staticflickr.com/65535/32911710847_0ed9bcd7ce_o.png,https://farm66.staticflickr.com/65535/32911710847_3c8b0d71d4_z.jpg,CC BY 4.0 (TACO default for missing image license),Disposable plastic cup; Other plastic; Plastic straw,480,640,f2ca8226e315135b51d149fd4cdc88905b63c0582c4ff9531bc9ef574751ce49,train,3
817,taco_000817.jpg,batch_3/IMG_4865.JPG,https://farm66.staticflickr.com/65535/40889152403_103b3a786e_o.png,https://farm66.staticflickr.com/65535/40889152403_32aba39cf2_z.jpg,CC BY 4.0 (TACO default for missing image license),Plastic film,480,640,0065e3d72a697f28b9c7dbcc24c7d85767e183b965259c8a5df10724f9f39bd9,train,1
1262,taco_001262.jpg,batch_7/000102.JPG,https://farm66.staticflickr.com/65535/46940065505_a34de25aef_o.png,https://farm66.staticflickr.com/65535/46940065505_03cb81d246_z.jpg,CC BY 4.0 (TACO default for missing image license),Other plastic,640,480,849d1b1452ee96449a1e822bdc31d3c8d53f588e81748b1023e8e5f9c2d1888c,train,1
933,taco_000933.jpg,batch_4/000063.JPG,https://farm66.staticflickr.com/65535/33978803298_6108b73e67_o.png,https://farm66.staticflickr.com/65535/33978803298_f5cac20c27_z.jpg,CC BY 4.0 (TACO default for missing image license),Plastic film,480,640,42575d7ec4cbde5560f5d16df6662036a43b541bb27385da17ca4d98992ab7b9,train,1
950,taco_000950.jpg,batch_4/000084.JPG,https://farm66.staticflickr.com/65535/33978816018_19a61da78c_o.png,https://farm66.staticflickr.com/65535/33978816018_a6b748a2a4_z.jpg,CC BY 4.0 (TACO default for missing image license),Plastic film,640,480,353b3fab3f1919ff207f358e1072d34a2ec2b9a461bc8dcb9fd41c91673bf62d,train,1
1074,taco_001074.jpg,batch_5/000060.JPG,https://farm66.staticflickr.com/65535/32912071607_76e8a752bd_o.png,https://farm66.staticflickr.com/65535/32912071607_a26bea3ecd_z.jpg,CC BY 4.0 (TACO default for missing image license),Disposable plastic cup,480,640,a802d9ca7fb4055766c10e4d681e40b982544077de89675893e55a0aaec86717,train,2
1181,taco_001181.jpg,batch_7/000010.JPG,https://farm66.staticflickr.com/65535/32912148117_c0b1f78723_o.png,https://farm66.staticflickr.com/65535/32912148117_b8991ed785_z.jpg,CC BY 4.0 (TACO default for missing image license),Clear plastic bottle; Plastic bottle cap,640,427,ecbd7bbb9c206f7adbf9c29862d4509a1b5ba94f27975ae804efb1220b4c27f6,train,3
718,taco_000718.jpg,batch_2/000038.JPG,https://farm66.staticflickr.com/65535/46939431325_6b57c4cb12_o.png,https://farm66.staticflickr.com/65535/46939431325_f5e51ffb0d_z.jpg,CC BY 4.0 (TACO default for missing image license),Disposable plastic cup; Other plastic,480,640,db5bb3960efacc0b2334f05e0f49a7019057cb23889285c57f6fe41173b7d096,train,2
1119,taco_001119.jpg,batch_6/000059.JPG,https://farm66.staticflickr.com/65535/47066782704_0d578a36a6_o.png,https://farm66.staticflickr.com/65535/47066782704_c5456161df_z.jpg,CC BY 4.0 (TACO default for missing image license),Corrugated carton,640,480,512db572226b3f1034e556a79e66145944ee9b1c1e57f32919609a12e967502f,train,3
1208,taco_001208.jpg,batch_7/000043.JPG,https://farm66.staticflickr.com/65535/47804066862_75470bff8a_o.png,https://farm66.staticflickr.com/65535/47804066862_4e23be7eae_z.jpg,CC BY 4.0 (TACO default for missing image license),Other plastic,480,640,d72bd995841379354f9b2ea5e8402141d1741ecf776e40701e112e84f29a4ee1,train,2
824,taco_000824.jpg,batch_3/IMG_4878.JPG,https://farm66.staticflickr.com/65535/47803620622_6934a0f8fa_o.png,https://farm66.staticflickr.com/65535/47803620622_ea6c9f6459_z.jpg,CC BY 4.0 (TACO default for missing image license),Plastic film,640,480,25be0526bc9582b300078ab93b4651e52a42877e3f3ea84de00c94df86d981b2,train,1
32,taco_000032.jpg,batch_1/000031.jpg,https://farm66.staticflickr.com/65535/46939256375_97b40f0cfe_o.png,https://farm66.staticflickr.com/65535/46939256375_cab702038f_z.jpg,CC BY 4.0 (TACO default for missing image license),Drink can,480,640,27ec6e76b9a5d9d1d92700bf03ad1bee6e59d8ec1b70fd9ac57a8215c76d6e7d,train,1
1169,taco_001169.jpg,batch_6/000005.JPG,https://farm66.staticflickr.com/65535/32912132277_a8b0bc31d4_o.png,https://farm66.staticflickr.com/65535/32912132277_72116db0ff_z.jpg,CC BY 4.0 (TACO default for missing image license),Other plastic wrapper,480,640,9d5453583f324f316d641c696f8b0ffc1c03f65c84e711c41a3c5dc3f454ced6,train,1
806,taco_000806.jpg,batch_3/IMG_5056.JPG,https://farm66.staticflickr.com/65535/46939500395_0ccd999165_o.png,https://farm66.staticflickr.com/65535/46939500395_fe49bfc0e5_z.jpg,CC BY 4.0 (TACO default for missing image license),Disposable plastic cup,480,640,147f333e2ccfc3c327cc2daafd6b9c382b9395c26c941f1c00648f413f6ae4e6,train,1
1271,taco_001271.jpg,batch_7/000112.JPG,https://farm66.staticflickr.com/65535/47856349841_d707f04c27_o.png,https://farm66.staticflickr.com/65535/47856349841_4cffaefa68_z.jpg,CC BY 4.0 (TACO default for missing image license),Clear plastic bottle; Plastic bottle cap,640,480,ab7a265b1c894a55210a9355f42fb71ee2f12e2ef66c73645edde4e903cc7469,train,2
1123,taco_001123.jpg,batch_6/000057.JPG,https://farm66.staticflickr.com/65535/32912110127_16808ba9e7_o.png,https://farm66.staticflickr.com/65535/32912110127_1f8c06e338_z.jpg,CC BY 4.0 (TACO default for missing image license),Clear plastic bottle; Drink can; Pop tab; Single-use carrier bag,640,480,44deddabb4611497b215b36c8d229a5d01c66f3fbef5a96a48c0901721ddb93e,train,20
826,taco_000826.jpg,batch_3/IMG_4883.JPG,https://farm66.staticflickr.com/65535/47803622972_44302d1826_o.png,https://farm66.staticflickr.com/65535/47803622972_b97ce628f2_z.jpg,CC BY 4.0 (TACO default for missing image license),Aluminium foil; Other plastic,480,640,e4c1823f8cb6c9ff93212ffc7c7a7ff317285446086b11054ac3833801144341,train,2
1019,taco_001019.jpg,batch_5/000001.JPG,https://farm66.staticflickr.com/65535/46939898895_6d9e5b011a_o.png,https://farm66.staticflickr.com/65535/46939898895_59f32f49c5_z.jpg,CC BY 4.0 (TACO default for missing image license),Clear plastic bottle; Plastic bottle cap,480,640,83532301c8936c1a8aeb170f856671c1c89e3ac8e07f77de590267f3b0c2535c,train,2
35,taco_000035.jpg,batch_1/000059.jpg,https://farm66.staticflickr.com/65535/32911402747_496ac0b26e_o.png,https://farm66.staticflickr.com/65535/32911402747_4725bfdd20_z.jpg,CC BY 4.0 (TACO default for missing image license),Normal paper; Tissues,480,640,62b4cdefd45812bbf15ea63384d75ae97cac62e4e0adc1debbaf11715368d6d3,train,2
58,taco_000058.jpg,batch_1/000078.JPG,https://farm66.staticflickr.com/65535/32911411497_62842b1d69_o.png,https://farm66.staticflickr.com/65535/32911411497_217bab5be3_z.jpg,CC BY 4.0 (TACO default for missing image license),Paper bag,480,640,6b986456e4de31d8978ad6267b263424922050cb2f6ab4274ccca5e4d7a51547,train,1
1086,taco_001086.jpg,batch_6/000095.JPG,https://farm66.staticflickr.com/65535/47066767654_14ab3d06dc_o.png,https://farm66.staticflickr.com/65535/47066767654_1702187ced_z.jpg,CC BY 4.0 (TACO default for missing image license),Other plastic wrapper,640,480,d58c6e6f0f804c1dedc486a00c2bcd105c027e135d265db150207986407c1163,train,1
699,taco_000699.jpg,batch_2/000017.JPG,https://farm66.staticflickr.com/65535/33978359458_4b1381e095_o.png,https://farm66.staticflickr.com/65535/33978359458_5d0542293c_z.jpg,CC BY 4.0 (TACO default for missing image license),Wrapping paper,480,640,a075adc634d9901b91defad35e8e5bbbd35f65905a7a932c0079e184dec4af59,train,1
1284,taco_001284.jpg,batch_7/000126.JPG,https://farm66.staticflickr.com/65535/47066879264_27a47d945d_o.png,https://farm66.staticflickr.com/65535/47066879264_0eca94442e_z.jpg,CC BY 4.0 (TACO default for missing image license),Plastic bottle cap,640,480,5ede9234574c737768a024408d2abb4363fad1f0d3204e1c7d9bb2882204fb54,train,1
1228,taco_001228.jpg,batch_7/000066.JPG,https://farm66.staticflickr.com/65535/32912174767_c4f5cedc6b_o.png,https://farm66.staticflickr.com/65535/32912174767_65e144beb5_z.jpg,CC BY 4.0 (TACO default for missing image license),Plastic film,640,480,5c992893626b301943ee013640f475da6bfb6ea0acabc848cc2f8ec8ea2cdc48,train,1
696,taco_000696.jpg,batch_2/000013.JPG,https://farm66.staticflickr.com/65535/32911556627_4ff806be8e_o.png,https://farm66.staticflickr.com/65535/32911556627_a0c8c23ac5_z.jpg,CC BY 4.0 (TACO default for missing image license),Other plastic wrapper,480,640,1102ed097167526a3c9133079751b8beb5e63c5a0b862b30512b39c4e3c52dd3,train,1
38,taco_000038.jpg,batch_1/000015.jpg,https://farm66.staticflickr.com/65535/47855510791_aa4e7222dc_o.png,https://farm66.staticflickr.com/65535/47855510791_2c64fa1598_z.jpg,CC BY 4.0 (TACO default for missing image license),Plastic film,480,640,9877ee639a0cda1954dba9082f720775620b9cab1794ba2132b9cb2ece94add7,train,1
996,taco_000996.jpg,batch_5/000067.JPG,https://farm66.staticflickr.com/65535/47803952762_08875278ee_o.png,https://farm66.staticflickr.com/65535/47803952762_38d033ed36_z.jpg,CC BY 4.0 (TACO default for missing image license),Clear plastic bottle; Other plastic,480,640,e51dd83c35e4dee0c82ea1677315faa770a88cf8eff8ea4a9b60e3f2729008bc,train,2
971,taco_000971.jpg,batch_5/000079.JPG,https://farm66.staticflickr.com/65535/47066690164_7a7429faf5_o.png,https://farm66.staticflickr.com/65535/47066690164_c61d5b9302_z.jpg,CC BY 4.0 (TACO default for missing image license),Plastic film,640,480,34205002907a6ebe5b017e62342d5cda951704cf98b869406df366fae00f8f81,train,1
739,taco_000739.jpg,batch_2/000061.JPG,https://farm66.staticflickr.com/65535/40889071413_7cc0553b07_o.png,https://farm66.staticflickr.com/65535/40889071413_b0c52acde7_z.jpg,CC BY 4.0 (TACO default for missing image license),Other plastic,640,480,f805abd9265e5e551d01deff6ef963b3051f7541a8c9bdd2a3ca1ddc43c44c74,train,1
766,taco_000766.jpg,batch_2/000089.JPG,https://farm66.staticflickr.com/65535/40889087173_e64dc1b13b_o.png,https://farm66.staticflickr.com/65535/40889087173_8798c7906f_z.jpg,CC BY 4.0 (TACO default for missing image license),Plastic film,640,480,c72ee1e03dd7cd69d8743cf90bb4bbcea36bf8c8707bf50f9ee514fb464dc98b,train,1
890,taco_000890.jpg,batch_4/000013.JPG,https://farm66.staticflickr.com/65535/47856078131_c7e5f2c011_o.png,https://farm66.staticflickr.com/65535/47856078131_87310c894e_z.jpg,CC BY 4.0 (TACO default for missing image license),Plastic bottle cap,480,640,8a02d449582c6d5bf73b24befa026a2dd7450a891724ec845a55b1a925bfa409,train,1
805,taco_000805.jpg,batch_3/IMG_5055.JPG,https://farm66.staticflickr.com/65535/47855769721_b040cec103_o.png,https://farm66.staticflickr.com/65535/47855769721_3484487a2d_z.jpg,CC BY 4.0 (TACO default for missing image license),Drink can; Pop tab,480,640,0f6a974600dea6d7948835110781f22f1f8b1df16f77c85ec3617150096ee588,train,3
1058,taco_001058.jpg,batch_5/000042.JPG,https://farm66.staticflickr.com/65535/47066737454_9c9470d62c_o.png,https://farm66.staticflickr.com/65535/47066737454_63a93733d9_z.jpg,CC BY 4.0 (TACO default for missing image license),Other plastic,480,640,62ace3622aeb019b90ac861e8a3821a1c05a218f5536e7edb15fbc99281b0f41,train,1
716,taco_000716.jpg,batch_2/000036.JPG,https://farm66.staticflickr.com/65535/47803521842_15737756d4_o.png,https://farm66.staticflickr.com/65535/47803521842_3479817c0f_z.jpg,CC BY 4.0 (TACO default for missing image license),Clear plastic bottle,480,640,eb23f02589a08dd8002554078530e889edfc699e29933adfc6f6457acd58919c,train,1
992,taco_000992.jpg,batch_5/000062.JPG,https://farm66.staticflickr.com/65535/32912026897_29133e2c10_o.png,https://farm66.staticflickr.com/65535/32912026897_b020015977_z.jpg,CC BY 4.0 (TACO default for missing image license),Other plastic,480,640,b5291e4de4c6de5835a780f860ffd496b61f5e4c52e04f94a5626d5e26cb4ffe,train,1
860,taco_000860.jpg,batch_3/IMG_4969.JPG,https://farm66.staticflickr.com/65535/40889195133_075461e6f8_o.png,https://farm66.staticflickr.com/65535/40889195133_335c455c2f_z.jpg,CC BY 4.0 (TACO default for missing image license),Clear plastic bottle; Drink can; Glass bottle; Other plastic wrapper,480,640,b52b82504b2d1919d82f426965fd5ee0341e4ad45a3995da2e94d53706386069,train,6
1000,taco_001000.jpg,batch_5/000101.JPG,https://farm66.staticflickr.com/65535/47803954422_ef4bbc16e2_o.png,https://farm66.staticflickr.com/65535/47803954422_36f22b56ef_z.jpg,CC BY 4.0 (TACO default for missing image license),Glass bottle,480,640,72d938d3476f162872aa516100b54708077ebef9ed643fe1c510e0bec65e022a,train,1
735,taco_000735.jpg,batch_2/000057.JPG,https://farm66.staticflickr.com/65535/33978375058_b992cd915c_o.png,https://farm66.staticflickr.com/65535/33978375058_5dccc704cc_z.jpg,CC BY 4.0 (TACO default for missing image license),Other plastic wrapper,480,640,02d846db9d1a6cbd1cd54d8969f595bd39cbcde97012766ef51e25fbe6966387,train,1
1129,taco_001129.jpg,batch_6/000049.JPG,https://farm66.staticflickr.com/65535/47804027952_67cdc7e214_o.png,https://farm66.staticflickr.com/65535/47804027952_cb6e3ecf1a_z.jpg,CC BY 4.0 (TACO default for missing image license),Single-use carrier bag,480,640,e2cb6ae2eb6e90dbf496e8d5c52528a24a16bebc8caf4c0771f1a216e5470f7c,train,1
940,taco_000940.jpg,batch_4/000072.JPG,https://farm66.staticflickr.com/65535/40889496153_91313b392e_o.png,https://farm66.staticflickr.com/65535/40889496153_421cdfff96_z.jpg,CC BY 4.0 (TACO default for missing image license),Styrofoam piece,640,480,a352a3e45718382d58a210bb1e5689afe87f82446550325010965253a7feac4a,train,1
741,taco_000741.jpg,batch_2/000063.JPG,https://farm66.staticflickr.com/65535/46939445965_86fdbb614c_o.png,https://farm66.staticflickr.com/65535/46939445965_d7964d076f_z.jpg,CC BY 4.0 (TACO default for missing image license),Metal bottle cap,640,480,db9e9f92fedea59bf0205319a406d4f7eed56c4b91b9c50cbfee38f36c171a36,train,1
782,taco_000782.jpg,batch_3/IMG_4992.JPG,https://farm66.staticflickr.com/65535/32911642107_7f74f08ca0_o.png,https://farm66.staticflickr.com/65535/32911642107_c9d2fd868c_z.jpg,CC BY 4.0 (TACO default for missing image license),Clear plastic bottle; Plastic bottle cap,480,640,1d1a8c218cf7c0550dbea1c7bc5862620474fe2b3787fddefca5914d789404b9,train,2
902,taco_000902.jpg,batch_4/000027.JPG,https://farm66.staticflickr.com/65535/46939819165_7e0cc3fd81_o.png,https://farm66.staticflickr.com/65535/46939819165_f931feb082_z.jpg,CC BY 4.0 (TACO default for missing image license),Other plastic,480,640,c8cdc555922d66d0d9ee20534f86f72e71d736d284eb9787557de0f3b6ee852e,train,1
33,taco_000033.jpg,batch_1/000042.jpg,https://farm66.staticflickr.com/65535/40888885363_5a8f8bab71_o.png,https://farm66.staticflickr.com/65535/40888885363_5f97dea054_z.jpg,CC BY 4.0 (TACO default for missing image license),Food Can; Pop tab,640,480,506296d97a1d755c56dc7953f243c481f68b4e322cf71e359ec5928fe5c9f7ac,train,4
981,taco_000981.jpg,batch_5/000090.JPG,https://farm66.staticflickr.com/65535/33978856048_5018ec4485_o.png,https://farm66.staticflickr.com/65535/33978856048_7fec87693a_z.jpg,CC BY 4.0 (TACO default for missing image license),Plastic bottle cap,640,480,000336fd8707bea4a273719823811a76282ff2d762da9b650b7ca95a52d8ece5,train,1
927,taco_000927.jpg,batch_4/000057.JPG,https://farm66.staticflickr.com/65535/46939833575_6fc9851a54_o.png,https://farm66.staticflickr.com/65535/46939833575_3d821eca6c_z.jpg,CC BY 4.0 (TACO default for missing image license),Other plastic,480,640,9d3d18ee269fb5aac0e0bfaf1ceac3dbbe76a6c4b22214b6cb7ac4331c752fc7,train,1
46,taco_000046.jpg,batch_1/000038.jpg,https://farm66.staticflickr.com/65535/47855512471_7071ebff99_o.png,https://farm66.staticflickr.com/65535/47855512471_341e0585f4_z.jpg,CC BY 4.0 (TACO default for missing image license),Food Can; Pop tab,640,480,a504b413f197fc63fdd4263ece2c47a8a7dc6ed2462378e7503b469d6a0be9be,train,6
976,taco_000976.jpg,batch_5/000085.JPG,https://farm66.staticflickr.com/65535/32912020677_04307671cd_o.png,https://farm66.staticflickr.com/65535/32912020677_70b8c46e5f_z.jpg,CC BY 4.0 (TACO default for missing image license),Aluminium foil; Plastic film; Styrofoam piece,640,480,2e60cc03c7f7d092948b4354d5407db0b362f66c7d2deddfed402638bf307c0d,train,3
1049,taco_001049.jpg,batch_5/000033.JPG,https://farm66.staticflickr.com/65535/47803980842_d67678d04c_o.png,https://farm66.staticflickr.com/65535/47803980842_fe1f211569_z.jpg,CC BY 4.0 (TACO default for missing image license),Other plastic wrapper,480,640,efd4091dff1bce0b1e29221d29387fabaeb1e1ef26414c5f0a69d691284e857d,train,1
1171,taco_001171.jpg,batch_6/000002.JPG,https://farm66.staticflickr.com/65535/47856271681_632bcfb6da_o.png,https://farm66.staticflickr.com/65535/47856271681_2347b27b0e_z.jpg,CC BY 4.0 (TACO default for missing image license),Corrugated carton,640,480,75f26ce809bf9049d71c979ca90a885c1ea43edb5ee6c7abc32181ea180d1455,train,2
878,taco_000878.jpg,batch_4/000000.JPG,https://farm66.staticflickr.com/65535/46939799005_790c351021_o.png,https://farm66.staticflickr.com/65535/46939799005_5c08560a4b_z.jpg,CC BY 4.0 (TACO default for missing image license),Plastic bottle cap,480,640,baeba832d47022fc6dec92c9b334101d9efab9e6ed8ab2838d8149a1cc857ddd,train,1
831,taco_000831.jpg,batch_3/IMG_4895.JPG,https://farm66.staticflickr.com/65535/33978458878_6e9b48299f_o.png,https://farm66.staticflickr.com/65535/33978458878_91d040a947_z.jpg,CC BY 4.0 (TACO default for missing image license),Other plastic wrapper; Plastic film,480,640,138ce0b7cccaed32a50c2d346ffde50d69df6936f6de21422f996c37e49611b0,train,2
1067,taco_001067.jpg,batch_5/000052.JPG,https://farm66.staticflickr.com/65535/33978900708_65b314569d_o.png,https://farm66.staticflickr.com/65535/33978900708_8eae066f67_z.jpg,CC BY 4.0 (TACO default for missing image license),Clear plastic bottle,480,640,200dce6e3894208f7f849fcb02408c4fc435e4f166aa33ad992cff63a5e6a9cd,train,1
866,taco_000866.jpg,batch_3/IMG_4948.JPG,https://farm66.staticflickr.com/65535/40889198273_bb2e4823fc_o.png,https://farm66.staticflickr.com/65535/40889198273_5012d5ffb1_z.jpg,CC BY 4.0 (TACO default for missing image license),Clear plastic bottle; Drink can; Metal bottle cap; Normal paper; Other plastic; Other plastic wrapper; Plastic bottle cap; Plastic utensils,634,640,178d5b9487134d4283a96662f257152d0c4dc146cfcc18c998d1f1cd7336b3b1,train,12
1218,taco_001218.jpg,batch_7/000054.JPG,https://farm66.staticflickr.com/65535/47856309151_43a55b08ae_o.png,https://farm66.staticflickr.com/65535/47856309151_18d72547c6_z.jpg,CC BY 4.0 (TACO default for missing image license),Other plastic; Single-use carrier bag,640,480,892f6c48bbc50bcaeb7f257cca74099b0571f0a82b373136148a96b740e779fb,train,2
1045,taco_001045.jpg,batch_5/000028.JPG,https://farm66.staticflickr.com/65535/46939914075_9ef4c6b78d_o.png,https://farm66.staticflickr.com/65535/46939914075_4f71607529_z.jpg,CC BY 4.0 (TACO default for missing image license),Clear plastic bottle,480,640,b2041f9627961cdb5f5e4b6bdee8b6c2cec5e6ef55a23011ad33c85f649294d8,train,1
1048,taco_001048.jpg,batch_5/000031.JPG,https://farm66.staticflickr.com/65535/47803979812_bd4a56c361_o.png,https://farm66.staticflickr.com/65535/47803979812_dc154267c9_z.jpg,CC BY 4.0 (TACO default for missing image license),Plastic straw,480,640,b0361ad96c0e62e5e9022a0cb0aa5dda8a60bac65faf575d5b46b5cb2f05ce23,train,1
898,taco_000898.jpg,batch_4/000022.JPG,https://farm66.staticflickr.com/65535/47066634034_7ef8fef17c_o.png,https://farm66.staticflickr.com/65535/47066634034_eb11dac71d_z.jpg,CC BY 4.0 (TACO default for missing image license),Other plastic,480,640,5c0a73bf311b85a480c9a535baf8f6c16ddbb8ef0ac5148503888c4ffdc21897,train,1
1150,taco_001150.jpg,batch_6/000026.JPG,https://farm66.staticflickr.com/65535/47066799004_1c72a732ea_o.png,https://farm66.staticflickr.com/65535/47066799004_918cdd9130_z.jpg,CC BY 4.0 (TACO default for missing image license),Plastic film,480,640,b2ced6ee3e47fcbd7d1fa88117ad60e21fd1e72dd64af8eb41318d30de1e9728,train,1
1200,taco_001200.jpg,batch_7/000033.JPG,https://farm66.staticflickr.com/65535/46940033065_254c09e9ee_o.png,https://farm66.staticflickr.com/65535/46940033065_8171c85480_z.jpg,CC BY 4.0 (TACO default for missing image license),Disposable plastic cup,480,640,6d6270742c82f019f461dc7eb124c35ca428183b483aeef522b8e71e284c65cf,train,1
1193,taco_001193.jpg,batch_7/000022.JPG,https://farm66.staticflickr.com/65535/47066834024_253bdea94a_o.png,https://farm66.staticflickr.com/65535/47066834024_f89c200b34_z.jpg,CC BY 4.0 (TACO default for missing image license),Clear plastic bottle; Other plastic; Plastic straw; Tissues,640,480,048fafcdc95dfa83965eff0f914302a868619a4a8ed9575beaeb4092c9b2712e,train,11
10,taco_000010.jpg,batch_1/000012.jpg,https://farm66.staticflickr.com/65535/40888877173_855795c875_o.png,https://farm66.staticflickr.com/65535/40888877173_734cec88e1_z.jpg,CC BY 4.0 (TACO default for missing image license),Glass bottle; Other plastic wrapper,480,640,57c40a22fab59868285a16bb83718a1b0abeedbc0bf5215c7adaa36f955144a0,train,2
1251,taco_001251.jpg,batch_7/000090.JPG,https://farm66.staticflickr.com/65535/40889714083_a6decf1b40_o.png,https://farm66.staticflickr.com/65535/40889714083_1d0be7c5e1_z.jpg,CC BY 4.0 (TACO default for missing image license),Clear plastic bottle; Plastic bottle cap,480,640,712ef34844f1ce23b13ba384491970baad205cef4734a4569c8e56d22f0cdca8,train,2
879,taco_000879.jpg,batch_4/000002.JPG,https://farm66.staticflickr.com/65535/47066625094_39457f89ac_o.png,https://farm66.staticflickr.com/65535/47066625094_68790eaa54_z.jpg,CC BY 4.0 (TACO default for missing image license),Disposable plastic cup; Normal paper; Plastic film,480,640,06b77cebe93c0d9c8c9f81485694656e6fa271a1bb8e4b2bbdb06fc0f1364e84,train,4
1104,taco_001104.jpg,batch_6/000075.JPG,https://farm66.staticflickr.com/65535/32912101467_6e69effc32_o.png,https://farm66.staticflickr.com/65535/32912101467_f979d18c51_z.jpg,CC BY 4.0 (TACO default for missing image license),Corrugated carton,480,640,36d1b970ce68bb542d4f2e5c082b46b69ae33c497ea3d5c0ede443c4dad41a6d,train,1
51,taco_000051.jpg,batch_1/000069.JPG,https://farm66.staticflickr.com/65535/46939263035_3c1932bfe9_o.png,https://farm66.staticflickr.com/65535/46939263035_eec983ccb5_z.jpg,CC BY 4.0 (TACO default for missing image license),Drink can,480,640,2f251b3108d192c36e2afdb20118635febfd46ed51398c41cfec99af5b968fb8,train,1
789,taco_000789.jpg,batch_3/IMG_5036.JPG,https://farm66.staticflickr.com/65535/47803587912_7c8a253afe_o.png,https://farm66.staticflickr.com/65535/47803587912_3edc52e913_z.jpg,CC BY 4.0 (TACO default for missing image license),Clear plastic bottle; Tissues,480,640,9593af20bc434fd6ad391713c3c39957acebb8d60aa55a4a1f0f4f3ef7d96763,train,2
1299,taco_001299.jpg,batch_7/000142.JPG,https://farm66.staticflickr.com/65535/47856362051_9569ababa5_o.png,https://farm66.staticflickr.com/65535/47856362051_3f4f0b090d_z.jpg,CC BY 4.0 (TACO default for missing image license),Styrofoam piece,480,640,8e175321904897eb0fc86173a993ce6dfee4af76e66618a124b850edd6a7bd0a,train,1
688,taco_000688.jpg,batch_2/000003.JPG,https://farm66.staticflickr.com/65535/40889037473_35965b5a5f_o.png,https://farm66.staticflickr.com/65535/40889037473_72dddfa42c_z.jpg,CC BY 4.0 (TACO default for missing image license),Other plastic wrapper,640,480,2ab2e360e87043848a40310712280945f981e063f0a63212d583133eef33d1b9,train,1
854,taco_000854.jpg,batch_3/IMG_4961.JPG,https://farm66.staticflickr.com/65535/33978471308_9bc844ac9f_o.png,https://farm66.staticflickr.com/65535/33978471308_57e9fca3dd_z.jpg,CC BY 4.0 (TACO default for missing image license),Plastic utensils,480,640,aa275ec5c66365d79b0aa67593e504ad71a2b5a2158e37122110b85947517680,train,3
1265,taco_001265.jpg,batch_7/000106.JPG,https://farm66.staticflickr.com/65535/47856346941_16bacabf06_o.png,https://farm66.staticflickr.com/65535/47856346941_7c60525dc1_z.jpg,CC BY 4.0 (TACO default for missing image license),Other plastic,640,480,a14e8f37bb916a4ed7593a00484af7e4d331b19bdf2c147a19f27bf6f3e744b2,train,1
883,taco_000883.jpg,batch_4/000006.JPG,https://farm66.staticflickr.com/65535/33978766838_64385cd8ac_o.png,https://farm66.staticflickr.com/65535/33978766838_4fea2564ea_z.jpg,CC BY 4.0 (TACO default for missing image license),Other plastic,480,640,a3b6f28b64acc096c25780d95521d55d8c2ee9fe74c9b81de79ccff55ba886e4,train,1
36,taco_000036.jpg,batch_1/000000.jpg,https://farm66.staticflickr.com/65535/47066071374_9caeb15bcb_o.png,https://farm66.staticflickr.com/65535/47066071374_0347ce5037_z.jpg,CC BY 4.0 (TACO default for missing image license),Clear plastic bottle,480,640,71181dd929b69c442215efe77b5c1551e59c487473d6edd77d63f0f345f55655,train,1
1172,taco_001172.jpg,batch_6/000001.JPG,https://farm66.staticflickr.com/65535/33978961128_bbb0e1ac21_o.png,https://farm66.staticflickr.com/65535/33978961128_d31bf8bf6e_z.jpg,CC BY 4.0 (TACO default for missing image license),Normal paper; Other plastic wrapper; Plastic film; Plastic utensils,480,640,804da856462025ffbc89d6e489c20f12383edb39b0b12547cb47549965bc7a67,train,5
689,taco_000689.jpg,batch_2/000005.JPG,https://farm66.staticflickr.com/65535/32911552327_427d92f6da_o.png,https://farm66.staticflickr.com/65535/32911552327_fbe9123110_z.jpg,CC BY 4.0 (TACO default for missing image license),Normal paper; Other plastic wrapper; Plastic film,480,640,e86d64811a5cd6393ddfb69aec141f086c7046c025fb31acfe965ae83593b87a,train,3
984,taco_000984.jpg,batch_5/000093.JPG,https://farm66.staticflickr.com/65535/46939881895_f8ae71a92b_o.png,https://farm66.staticflickr.com/65535/46939881895_a14eb25a2c_z.jpg,CC BY 4.0 (TACO default for missing image license),Styrofoam piece,640,480,ab25a1e5ce824e7a3751e1ef97cb59bc10e28f18698c6aa0792477905453b731,train,2
742,taco_000742.jpg,batch_2/000064.JPG,https://farm66.staticflickr.com/65535/46939446335_9266291f59_o.png,https://farm66.staticflickr.com/65535/46939446335_00442fe45e_z.jpg,CC BY 4.0 (TACO default for missing image license),Normal paper,640,480,21d9105dabbd3ad80b0ba50e5f94d8155f324221fd83e088e97dc3e0d8b53842,train,1
59,taco_000059.jpg,batch_1/000079.JPG,https://farm66.staticflickr.com/65535/47803352692_54b5e59d3d_o.png,https://farm66.staticflickr.com/65535/47803352692_c93555bf7f_z.jpg,CC BY 4.0 (TACO default for missing image license),Paper bag,480,640,cf2c043ed6b41755c11df6e885545619e5f8d460ce9674121e1e42361dc69de9,train,1
57,taco_000057.jpg,batch_1/000076.JPG,https://farm66.staticflickr.com/65535/47855518531_a63a02f6fd_o.png,https://farm66.staticflickr.com/65535/47855518531_67d63b0125_z.jpg,CC BY 4.0 (TACO default for missing image license),Plastic straw,480,640,f1efc4e9234182e67d4abbfd82011f385f7e2f2002e7195d62d3ba90ca4ff1c1,train,1
1234,taco_001234.jpg,batch_7/000072.JPG,https://farm66.staticflickr.com/65535/33979002788_57c024baf2_o.png,https://farm66.staticflickr.com/65535/33979002788_1c622448a3_z.jpg,CC BY 4.0 (TACO default for missing image license),Clear plastic bottle; Other plastic bottle,480,640,ff91501ca26e776d3b6acd7c9e3f9f226cf50454920a3600ab53b462997c2b1c,train,2
1135,taco_001135.jpg,batch_6/000042.JPG,https://farm66.staticflickr.com/65535/47856251511_83be241c55_o.png,https://farm66.staticflickr.com/65535/47856251511_08e50fee96_z.jpg,CC BY 4.0 (TACO default for missing image license),Disposable plastic cup,480,640,6c3804ebc79be36b2a608892d9b7d395f5faee6d3d278ac2d897bedaaf246056,train,1
4,taco_000004.jpg,batch_1/000026.jpg,https://farm66.staticflickr.com/65535/33978199868_88ee160849_o.png,https://farm66.staticflickr.com/65535/33978199868_1bc379170a_z.jpg,CC BY 4.0 (TACO default for missing image license),Drink can,480,640,7d877c50e813e058ca2f735ccfa3f602d4d5d32b3f3a52d1ef4b20735e2cf534,train,1
1220,taco_001220.jpg,batch_7/000056.JPG,https://farm66.staticflickr.com/65535/40889687973_f662c5bf0f_o.png,https://farm66.staticflickr.com/65535/40889687973_f5424cc2b1_z.jpg,CC BY 4.0 (TACO default for missing image license),Spread tub,480,640,754d613b0313cd2ce5e1dc3aaaf17b27f0806d2b5dc454dde909562354e68250,train,1
1004,taco_001004.jpg,batch_5/000105.JPG,https://farm66.staticflickr.com/65535/46939890815_e99237b095_o.png,https://farm66.staticflickr.com/65535/46939890815_e584ee1243_z.jpg,CC BY 4.0 (TACO default for missing image license),Plastic straw,640,480,c22c81effbd86a32a65316c1654ee63872db05d4927e5166b05b786c2d57ac69,train,1
762,taco_000762.jpg,batch_2/000014.JPG,https://farm66.staticflickr.com/65535/40889085893_741f45d8bf_o.png,https://farm66.staticflickr.com/65535/40889085893_59ff3c3891_z.jpg,CC BY 4.0 (TACO default for missing image license),Other plastic wrapper,602,640,e9609428a387e847f382e19bd0fe683b5cef1ae64670a03950f10c1f70664d03,train,1
1065,taco_001065.jpg,batch_5/000050.JPG,https://farm66.staticflickr.com/65535/47066742954_899a3cae6b_o.png,https://farm66.staticflickr.com/65535/47066742954_5a7660f3ec_z.jpg,CC BY 4.0 (TACO default for missing image license),Plastic film,480,640,8d62d94680f56efc6032936165bcc82bd33caf1232c3d3880a2ce599d4f67b7e,train,1
1099,taco_001099.jpg,batch_6/000080.JPG,https://farm66.staticflickr.com/65535/46939963335_dd4c6f603e_o.png,https://farm66.staticflickr.com/65535/46939963335_3c4167e593_z.jpg,CC BY 4.0 (TACO default for missing image license),Clear plastic bottle; Plastic bottle cap,640,480,0e4a3d5f84ebdbaff7b2fb7c1e97bf816f7eed8c38cfe804b768d3656554ba6d,train,2
1006,taco_001006.jpg,batch_5/000107.JPG,https://farm66.staticflickr.com/65535/33978863308_e49d744286_o.png,https://farm66.staticflickr.com/65535/33978863308_231d563c4e_z.jpg,CC BY 4.0 (TACO default for missing image license),Styrofoam piece,640,480,3360a5a75e3493459ca26cbf33d2a6b416b48f0d66c9d578b65268c6ce2405cb,train,1
1249,taco_001249.jpg,batch_7/000088.JPG,https://farm66.staticflickr.com/65535/47066865824_1a91af541f_o.png,https://farm66.staticflickr.com/65535/47066865824_5e78d8f1ff_z.jpg,CC BY 4.0 (TACO default for missing image license),Clear plastic bottle,480,640,7b8f46345fa332845e8426d4606812f8249a35e0e7118b236b83260adc6e3455,train,1
731,taco_000731.jpg,batch_2/000053.JPG,https://farm66.staticflickr.com/65535/47066258334_bbab99c7b0_o.png,https://farm66.staticflickr.com/65535/47066258334_a262ff7631_z.jpg,CC BY 4.0 (TACO default for missing image license),Metal bottle cap; Plastic straw,480,640,c035b9f0f379bbc7d3ca606931c6fd2897c7e1556a44b14f3110adbaa93ed1ca,train,3
783,taco_000783.jpg,batch_3/IMG_4994.JPG,https://farm66.staticflickr.com/65535/40889122913_83a60dbeb9_o.png,https://farm66.staticflickr.com/65535/40889122913_4632453b9c_z.jpg,CC BY 4.0 (TACO default for missing image license),Disposable plastic cup; Glass bottle; Scrap metal,480,640,d93fa6ae990d22aa3917702f1d5990bdc5019fcebe4a0c8398c9af25d3bdd783,train,3
700,taco_000700.jpg,batch_2/000018.JPG,https://farm66.staticflickr.com/65535/32911559587_fdec13f792_o.png,https://farm66.staticflickr.com/65535/32911559587_57d4881800_z.jpg,CC BY 4.0 (TACO default for missing image license),Clear plastic bottle,480,640,b39228f96a2513b761b29f2e47f98c4c1556d52df55612f00a7a0cd8591acbb3,train,1
963,taco_000963.jpg,batch_4/000098.JPG,https://farm66.staticflickr.com/65535/32911997887_0c3b0020de_o.png,https://farm66.staticflickr.com/65535/32911997887_1335050bb2_z.jpg,CC BY 4.0 (TACO default for missing image license),Plastic film,480,640,411ef1c99b2893a452a7c3578ba0b2030e9a321973f5349cf4e4ae313bd3fbee,train,1
1132,taco_001132.jpg,batch_6/000046.JPG,https://farm66.staticflickr.com/65535/32912117297_6c45f530b5_o.png,https://farm66.staticflickr.com/65535/32912117297_d8909af1ba_z.jpg,CC BY 4.0 (TACO default for missing image license),Clear plastic bottle,480,640,6fcf8e132294b7dfe1ac1f7664cf5c7b444e2db353e5b34e8163d06d9141b6bb,train,1
1002,taco_001002.jpg,batch_5/000103.JPG,https://farm66.staticflickr.com/65535/47066704844_ac0cc8ac92_o.png,https://farm66.staticflickr.com/65535/47066704844_eaeb3afaf7_z.jpg,CC BY 4.0 (TACO default for missing image license),Drink can; Plastic film,640,480,034278960cc2054505a71f2bd9daff1128ea30ca7d2f4c89b94386f8e1ca5eac,train,2
1209,taco_001209.jpg,batch_7/000044.JPG,https://farm66.staticflickr.com/65535/47804067422_7b1b6b2f23_o.png,https://farm66.staticflickr.com/65535/47804067422_e06ae9bee0_z.jpg,CC BY 4.0 (TACO default for missing image license),Clear plastic bottle; Normal paper; Plastic film; Plastic straw,480,640,de79a03c6c8faa083038223616890d49379a923f04067ef073e5788d822ee296,train,5
793,taco_000793.jpg,batch_3/IMG_5042.JPG,https://farm66.staticflickr.com/65535/47855759571_3bedc5464d_o.png,https://farm66.staticflickr.com/65535/47855759571_240d67387b_z.jpg,CC BY 4.0 (TACO default for missing image license),Glass bottle,480,640,2b7dff6dd67336db00fa6e5e277eb3f781fb11bb39240218d31b1259e4435e8b,train,1
871,taco_000871.jpg,batch_3/IMG_5065.JPG,https://farm66.staticflickr.com/65535/33978482718_c393869ff0_o.png,https://farm66.staticflickr.com/65535/33978482718_c92fca8615_z.jpg,CC BY 4.0 (TACO default for missing image license),Other plastic wrapper,640,480,814f5f1a204168cbd5a5fcd9fe977ade102f0c0764bb09b0e89956793873b756,train,1
911,taco_000911.jpg,batch_4/000040.JPG,https://farm66.staticflickr.com/65535/40889471933_38dca54a90_o.png,https://farm66.staticflickr.com/65535/40889471933_1a9eab82b0_z.jpg,CC BY 4.0 (TACO default for missing image license),Disposable plastic cup,480,640,b4c35c5126008c5512b4ba29e06afdbb6a141a800411c40f83f3132b9bd85e0f,train,1
1222,taco_001222.jpg,batch_7/000058.JPG,https://farm66.staticflickr.com/65535/33978994858_d53fb33a93_o.png,https://farm66.staticflickr.com/65535/33978994858_a5383a17b0_z.jpg,CC BY 4.0 (TACO default for missing image license),Clear plastic bottle; Normal paper,480,640,b24cb06d90407e44c547d27f997bfb7c518f79d57adbe13ded0537fc608d833c,train,2
1031,taco_001031.jpg,batch_5/000014.JPG,https://farm66.staticflickr.com/65535/40889571993_bc16e4baf0_o.png,https://farm66.staticflickr.com/65535/40889571993_90b86ff38a_z.jpg,CC BY 4.0 (TACO default for missing image license),Styrofoam piece,480,640,0b9f8504ed6b4fa4d4cb96e17f0d29976f62508ce6b6df9a9b1e517d58332715,train,1
12,taco_000012.jpg,batch_1/000048.jpg,https://farm66.staticflickr.com/65535/47803337262_8e069056d4_o.png,https://farm66.staticflickr.com/65535/47803337262_4965d5608b_z.jpg,CC BY 4.0 (TACO default for missing image license),Clear plastic bottle; Glass bottle; Metal bottle cap; Other plastic bottle; Plastic bottle cap,640,480,19c8d13bf2d0890654b69857d72f8ab23a3cd6c93c872de714a4b966958f24f9,train,8
20,taco_000020.jpg,batch_1/000040.jpg,https://farm66.staticflickr.com/65535/47855508601_8f8db2ac41_o.png,https://farm66.staticflickr.com/65535/47855508601_491860b3d0_z.jpg,CC BY 4.0 (TACO default for missing image license),Food Can; Pop tab,640,480,c7b5199c1d2ca0b3f675f1f2fb04c4cc964b999da0a7cfab23a52dd108f6fb1a,train,4
1144,taco_001144.jpg,batch_6/000033.JPG,https://farm66.staticflickr.com/65535/47066795234_d2ecb238d2_o.png,https://farm66.staticflickr.com/65535/47066795234_9116412a0d_z.jpg,CC BY 4.0 (TACO default for missing image license),Plastic lid; Plastic straw,640,480,a699170f33b872d343e75957a21af2c2933c8d41ed87ac26f2424f662d89f9af,train,2
959,taco_000959.jpg,batch_4/000094.JPG,https://farm66.staticflickr.com/65535/47856113491_a195fcc137_o.png,https://farm66.staticflickr.com/65535/47856113491_ee6d6e7088_z.jpg,CC BY 4.0 (TACO default for missing image license),Other plastic,640,480,5a317f6f5a3717c6b4aaab81b4ed4eb65e0bbf392d5765a79302fca410fe8eae,train,1
1096,taco_001096.jpg,batch_6/000085.JPG,https://farm66.staticflickr.com/65535/47856229231_5c1d80842d_o.png,https://farm66.staticflickr.com/65535/47856229231_d06894057a_z.jpg,CC BY 4.0 (TACO default for missing image license),Clear plastic bottle,480,640,084ba952ef939f9d2ba92da65380d1bd680a22198e1fc852688eb206cac4aa23,train,1
957,taco_000957.jpg,batch_4/000092.JPG,https://farm66.staticflickr.com/65535/32911993737_90ac0d8263_o.png,https://farm66.staticflickr.com/65535/32911993737_3719ed6560_z.jpg,CC BY 4.0 (TACO default for missing image license),Other plastic wrapper,480,640,61084ebf165bcfb5859e88ffb47f02a8b9b1acb346870cbda591b6495af9251c,train,1
856,taco_000856.jpg,batch_3/IMG_4964.JPG,https://farm66.staticflickr.com/65535/47066372284_5812fe5de3_o.png,https://farm66.staticflickr.com/65535/47066372284_84c2a26e80_z.jpg,CC BY 4.0 (TACO default for missing image license),Plastic film,640,480,284fabe24ddc2e75a6770f8ad983c84319f6da25801c053a00881b68edf5ddf5,train,1
75,taco_000075.jpg,batch_1/000062.JPG,https://farm66.staticflickr.com/65535/40888909583_9f9cc88433_o.png,https://farm66.staticflickr.com/65535/40888909583_82a44ac1fc_z.jpg,CC BY 4.0 (TACO default for missing image license),Aluminium foil; Clear plastic bottle; Drink can; Normal paper; Other plastic wrapper; Plastic bottle cap; Plastic film; Pop tab,480,640,bfb5280e591887e9e9f68b73d3319af19af60d684fdbcf84d7b357ff2b051617,train,13
1197,taco_001197.jpg,batch_7/000029.JPG,https://farm66.staticflickr.com/65535/47066835484_efe91b4bf9_o.png,https://farm66.staticflickr.com/65535/47066835484_79fe4759e4_z.jpg,CC BY 4.0 (TACO default for missing image license),Plastic lid; Tissues,480,640,c65aef8a2aa74647343dbabb473eed42811f8b3159b31ea49f818158318c1c41,train,2
929,taco_000929.jpg,batch_4/000059.JPG,https://farm66.staticflickr.com/65535/47856096221_1ee7cf2bea_o.png,https://farm66.staticflickr.com/65535/47856096221_3842313157_z.jpg,CC BY 4.0 (TACO default for missing image license),Other plastic,480,640,082785783f4a0b9873bb7c71eb3e9010f1197247fe1c1d211ace3c23d5a928a9,train,1
913,taco_000913.jpg,batch_4/000042.JPG,https://farm66.staticflickr.com/65535/32911974187_f01175bfcd_o.png,https://farm66.staticflickr.com/65535/32911974187_8caa9d1eab_z.jpg,CC BY 4.0 (TACO default for missing image license),Normal paper,480,640,99514d311febeab01cd8319208321f340590b6399ed01bc1d05e5bb70e6dbb8b,train,1
1079,taco_001079.jpg,batch_6/000102.JPG,https://farm66.staticflickr.com/65535/32912089707_02db3fda70_o.png,https://farm66.staticflickr.com/65535/32912089707_5f5a2969b6_z.jpg,CC BY 4.0 (TACO default for missing image license),Clear plastic bottle; Normal paper; Plastic film; Single-use carrier bag,480,640,84da6792f91d5e4e1d37f80e07f0100e0274347861d321d1ee267aa243b5bc80,train,4
1294,taco_001294.jpg,batch_7/000137.JPG,https://farm66.staticflickr.com/65535/32912213647_56781c5313_o.png,https://farm66.staticflickr.com/65535/32912213647_1f247b1d8d_z.jpg,CC BY 4.0 (TACO default for missing image license),Other plastic,640,480,3f8c1d0dbf0b765b52c4c34638fdbb3446bb178d2130d3ff82149fd90cbcbe4f,train,2
1055,taco_001055.jpg,batch_5/000039.JPG,https://farm66.staticflickr.com/65535/47066734734_fc13bc4a3f_o.png,https://farm66.staticflickr.com/65535/47066734734_fb479c92fe_z.jpg,CC BY 4.0 (TACO default for missing image license),Plastic lid,480,640,d56a094e49592eec4297b8e15126517dd7d5c906704c19ee6d74c824f50499bc,train,1
825,taco_000825.jpg,batch_3/IMG_4879.JPG,https://farm66.staticflickr.com/65535/47803621202_9819ba551e_o.png,https://farm66.staticflickr.com/65535/47803621202_d796a9f6d4_z.jpg,CC BY 4.0 (TACO default for missing image license),Spread tub,480,640,ebb873f3a68fe68f593a2e1e003fcb08916ba278fe0f38925a4219abcc49cce7,train,1
1077,taco_001077.jpg,batch_6/000104.JPG,https://farm66.staticflickr.com/65535/40889605713_c5a8992f49_o.png,https://farm66.staticflickr.com/65535/40889605713_7e28cf9513_z.jpg,CC BY 4.0 (TACO default for missing image license),Aluminium foil; Clear plastic bottle,480,640,146dba23d1ebb6daf70401e874a4784598fded8d4b0f9e146e838c0f10474086,train,2
54,taco_000054.jpg,batch_1/000072.JPG,https://farm66.staticflickr.com/65535/47066077624_548c86cbb1_o.png,https://farm66.staticflickr.com/65535/47066077624_d58b970abe_z.jpg,CC BY 4.0 (TACO default for missing image license),Normal paper,480,640,07b9ad35ff96751eb0aa07f14c30b92d97b03744b392a55e8d230bdae356d225,train,1
726,taco_000726.jpg,batch_2/000047.JPG,https://farm66.staticflickr.com/65535/47803529882_f137b61878_o.png,https://farm66.staticflickr.com/65535/47803529882_44912bafa6_z.jpg,CC BY 4.0 (TACO default for missing image license),Drink can,480,640,36ee3048b69b2a8f24a91a2d5752d5fc89fe22e7d6c46a87eec7c490a301a139,train,1
941,taco_000941.jpg,batch_4/000073.JPG,https://farm66.staticflickr.com/65535/33978808168_0fbeeb8eff_o.png,https://farm66.staticflickr.com/65535/33978808168_70026036d5_z.jpg,CC BY 4.0 (TACO default for missing image license),Other plastic; Styrofoam piece,640,480,caa83b076ad42d81ff64f64de325887f90fc8aa02d3c9013cc04aba97f8efcc3,train,2
1279,taco_001279.jpg,batch_7/000121.JPG,https://farm66.staticflickr.com/65535/46940075445_b7d560df72_o.png,https://farm66.staticflickr.com/65535/46940075445_08bb9c5c41_z.jpg,CC BY 4.0 (TACO default for missing image license),Plastic film,640,480,f4e1aa1438c3d611e7756d0e6d8e74a8e5923961ba706d4c37d1a52d17b3abaa,train,1
1194,taco_001194.jpg,batch_7/000023.JPG,https://farm66.staticflickr.com/65535/46940028735_18dc93fb6a_o.png,https://farm66.staticflickr.com/65535/46940028735_0fc2e4c2a8_z.jpg,CC BY 4.0 (TACO default for missing image license),Plastic film,480,640,79402eb1a0b01a5a069fe53cc3e747ec5f77eb30dfa0940f04238550eb3727e5,train,1
965,taco_000965.jpg,batch_5/000072.JPG,https://farm66.staticflickr.com/65535/33978843678_e276c6268d_o.png,https://farm66.staticflickr.com/65535/33978843678_5505e976ea_z.jpg,CC BY 4.0 (TACO default for missing image license),Clear plastic bottle,640,480,a217598ed3da31301b663840787f6de69fe65e00e939eff060ee7d8cdb3f0fff,train,1
982,taco_000982.jpg,batch_5/000091.JPG,https://farm66.staticflickr.com/65535/46939880475_f1d4f91629_o.png,https://farm66.staticflickr.com/65535/46939880475_cb0a4eab5b_z.jpg,CC BY 4.0 (TACO default for missing image license),Styrofoam piece,640,480,9f2af8d5cabfac6e23250e565a17bc251f71db2bf89dc121464720c696871f1d,train,2
8,taco_000008.jpg,batch_1/000005.jpg,https://farm66.staticflickr.com/65535/47803335992_9c58683430_o.png,https://farm66.staticflickr.com/65535/47803335992_ebcc4e3932_z.jpg,CC BY 4.0 (TACO default for missing image license),Clear plastic bottle,480,640,1e9f819cbd5c1407733f326d19aa242dad5df6c93e0a5c7e912dc1e5c7c3366e,train,1
776,taco_000776.jpg,batch_2/000099.JPG,https://farm66.staticflickr.com/65535/33978388948_f66de62af0_o.png,https://farm66.staticflickr.com/65535/33978388948_15e864385a_z.jpg,CC BY 4.0 (TACO default for missing image license),Single-use carrier bag,480,640,74c0ae1d920597ee8b81538653a7b1333809553d1c12802ac989935ffb4fb900,train,1
840,taco_000840.jpg,batch_3/IMG_4915.JPG,https://farm66.staticflickr.com/65535/47855803151_1120a0ec5c_o.png,https://farm66.staticflickr.com/65535/47855803151_6bf8c0b666_z.jpg,CC BY 4.0 (TACO default for missing image license),Other plastic bottle,480,640,03b0fb3bde02e84911788bec1f95536487c16dc53a6b0f53932c870dc69bf8a9,train,1
47,taco_000047.jpg,batch_1/000065.JPG,https://farm66.staticflickr.com/65535/40888891223_63aa815f2e_o.png,https://farm66.staticflickr.com/65535/40888891223_855448d2d0_z.jpg,CC BY 4.0 (TACO default for missing image license),Metal lid; Plastic lid,640,480,f0a6923fdd3dbee0d6480305539696ee4d46b8b49d1116085ea14fa40d638bb1,train,2
790,taco_000790.jpg,batch_3/IMG_5039.JPG,https://farm66.staticflickr.com/65535/46939491865_2b5b0c4456_o.png,https://farm66.staticflickr.com/65535/46939491865_e904dbc710_z.jpg,CC BY 4.0 (TACO default for missing image license),Plastic lid,480,640,5ba27f3d8831fc1d3e75610e02d6cde203f5f2265f1de97a48df07e402706615,train,1
932,taco_000932.jpg,batch_4/000062.JPG,https://farm66.staticflickr.com/65535/40889490713_c46043b6a0_o.png,https://farm66.staticflickr.com/65535/40889490713_2cd848ae81_z.jpg,CC BY 4.0 (TACO default for missing image license),Plastic bottle cap,480,640,26d43efd08a193524cd360448c9b722f979657d912a975a552f10e26bacb5fba,train,1
829,taco_000829.jpg,batch_3/IMG_4891.JPG,https://farm66.staticflickr.com/65535/47066350084_05b10711d2_o.png,https://farm66.staticflickr.com/65535/47066350084_483c8965e8_z.jpg,CC BY 4.0 (TACO default for missing image license),Plastic film,480,640,3317733260c9c2ac722c02ffc66b1b5dd6dcfc619ca35bfc2514b90135058b02,train,1
9,taco_000009.jpg,batch_1/000007.jpg,https://farm66.staticflickr.com/65535/47855505601_f75a430abc_o.png,https://farm66.staticflickr.com/65535/47855505601_a81c3ba8de_z.jpg,CC BY 4.0 (TACO default for missing image license),Food Can; Glass cup; Pop tab,480,640,422bbd3e7720b877e52d4db75a5944d919cf88cf6fe1707844771691c03ef9cb,train,3
1263,taco_001263.jpg,batch_7/000103.JPG,https://farm66.staticflickr.com/65535/33979027118_7040a12543_o.png,https://farm66.staticflickr.com/65535/33979027118_c48fef4b5f_z.jpg,CC BY 4.0 (TACO default for missing image license),Plastic film,640,480,ff94f3d4ca8ffb2fd81c43dbe3c225acbbc76aad506293410b8f85aa586d129b,train,1
1272,taco_001272.jpg,batch_7/000113.JPG,https://farm66.staticflickr.com/65535/46940071105_fabc46023f_o.png,https://farm66.staticflickr.com/65535/46940071105_31ee3dd946_z.jpg,CC BY 4.0 (TACO default for missing image license),Clear plastic bottle; Plastic bottle cap,640,480,910b0f25193c302a64d10e7cc93cb696b89dfa62e0d83cbf1e22e93a69fbdfe9,train,2
861,taco_000861.jpg,batch_3/IMG_4971.JPG,https://farm66.staticflickr.com/65535/33978477838_1053ce14ab_o.png,https://farm66.staticflickr.com/65535/33978477838_dcca0850d1_z.jpg,CC BY 4.0 (TACO default for missing image license),Plastic bottle cap,480,640,a0b64e844a42747e78ec345499f34b56d4f5434452c946dc1ec3d04bf88aacab,train,1
66,taco_000066.jpg,batch_1/000087.JPG,https://farm66.staticflickr.com/65535/47803356972_a3861543ff_o.png,https://farm66.staticflickr.com/65535/47803356972_ba9b520555_z.jpg,CC BY 4.0 (TACO default for missing image license),Paper bag,480,640,a9934eb36c95286241ad7e8d519b81600625748d57571019452722b47926ee73,train,1
1163,taco_001163.jpg,batch_6/000011.JPG,https://farm66.staticflickr.com/65535/33978954158_a444e1a34a_o.png,https://farm66.staticflickr.com/65535/33978954158_c313c2672f_z.jpg,CC BY 4.0 (TACO default for missing image license),Plastic utensils,480,640,c0d2b800508d4d46fded6be41511ab8a8d0534b5490d8bf32c3ae79e8c724950,train,1
1189,taco_001189.jpg,batch_7/000018.JPG,https://farm66.staticflickr.com/65535/46940025455_0e6848f501_o.png,https://farm66.staticflickr.com/65535/46940025455_fa3128f600_z.jpg,CC BY 4.0 (TACO default for missing image license),Styrofoam piece,640,480,41ebf84f6d60212ca57b5e5245fbc89a048a96491714dc11c39176860b0e1a08,train,5
810,taco_000810.jpg,batch_3/IMG_4852.JPG,https://farm66.staticflickr.com/65535/46939502215_379cd7fe9b_o.png,https://farm66.staticflickr.com/65535/46939502215_60f16e12c6_z.jpg,CC BY 4.0 (TACO default for missing image license),Plastic lid,640,480,621692a21736d26dfa9f3d59fe1bb4d64ce3fa1e9558708bd13b2ca3a79f52ca,train,1
815,taco_000815.jpg,batch_3/IMG_4860.JPG,https://farm66.staticflickr.com/65535/40889150533_7d16c3ec17_o.png,https://farm66.staticflickr.com/65535/40889150533_053eceb545_z.jpg,CC BY 4.0 (TACO default for missing image license),Plastic film; Tissues,480,640,e934169f31633375a2850f619d56e0b48a4f07d88a992120b7f419b88b6da433,train,3
969,taco_000969.jpg,batch_5/000076.JPG,https://farm66.staticflickr.com/65535/33978847108_99587758f0_o.png,https://farm66.staticflickr.com/65535/33978847108_f0eb63093b_z.jpg,CC BY 4.0 (TACO default for missing image license),Plastic straw,480,640,d2839cb8b2c2cf01f3a73390f70048a71b7e5f64e12bac716eec6a78ced976d3,train,1
1062,taco_001062.jpg,batch_5/000047.JPG,https://farm66.staticflickr.com/65535/47066741634_1649c3f40a_o.png,https://farm66.staticflickr.com/65535/47066741634_7de403a119_z.jpg,CC BY 4.0 (TACO default for missing image license),Disposable plastic cup; Other plastic; Plastic lid,480,640,c6a46b3b9ee97c581a65bee31ded420406e84f47c718dcd9bb622e0a848e7b4d,train,3
881,taco_000881.jpg,batch_4/000004.JPG,https://farm66.staticflickr.com/65535/47803876032_1d3859d4dc_o.png,https://farm66.staticflickr.com/65535/47803876032_04b5b2fc65_z.jpg,CC BY 4.0 (TACO default for missing image license),Magazine paper; Normal paper,640,480,b68f0fc0799bcf01a8ced6dd882db619173e88bef660aaa4dca3b55a39442b58,train,3
903,taco_000903.jpg,batch_4/000028.JPG,https://farm66.staticflickr.com/65535/40889467093_5de26e20dd_o.png,https://farm66.staticflickr.com/65535/40889467093_70bf8f1c4d_z.jpg,CC BY 4.0 (TACO default for missing image license),Other plastic,640,480,008b9efbbbd9b84d7b0ab6638cdb1c2598abe3aee7cd8718d5b2f5aa5353fd3b,train,2
1112,taco_001112.jpg,batch_6/000066.JPG,https://farm66.staticflickr.com/65535/32912104407_ea5c819bb0_o.png,https://farm66.staticflickr.com/65535/32912104407_b40d1e599b_z.jpg,CC BY 4.0 (TACO default for missing image license),Clear plastic bottle,640,480,a630904ced6774101be36712222894a207230b341ffcf86334a88cf659cc7309,train,2
991,taco_000991.jpg,batch_5/000100.JPG,https://farm66.staticflickr.com/65535/33978858968_be5ccff215_o.png,https://farm66.staticflickr.com/65535/33978858968_3b96389e9d_z.jpg,CC BY 4.0 (TACO default for missing image license),Plastic straw,640,480,95e44349653cbbe15c6cea1e61562121b24a43586892c030a5fe555b412ece13,train,1
761,taco_000761.jpg,batch_2/000086.JPG,https://farm66.staticflickr.com/65535/47803548232_fc0b7a1b6e_o.png,https://farm66.staticflickr.com/65535/47803548232_bb5aa7ccec_z.jpg,CC BY 4.0 (TACO default for missing image license),Drink can; Pop tab,480,640,a168afd46b97c7ca5001df31a7fccc4122324c30640398ae3f7e0caa287022a6,train,2
1037,taco_001037.jpg,batch_5/000020.JPG,https://farm66.staticflickr.com/65535/47803970522_61bca0e46d_o.png,https://farm66.staticflickr.com/65535/47803970522_266895c4d2_z.jpg,CC BY 4.0 (TACO default for missing image license),Plastic film,480,640,0265a6bf94be634741818e9874dd3b8af6955cd9e0725aaf5da7337340d42452,train,1
7,taco_000007.jpg,batch_1/000001.jpg,https://farm66.staticflickr.com/65535/33978202498_effbca58ef_o.png,https://farm66.staticflickr.com/65535/33978202498_ef6d507616_z.jpg,CC BY 4.0 (TACO default for missing image license),Clear plastic bottle; Plastic bottle cap,640,480,42c97b77d559428b4b1a7827ec246490b7a9b61a4c54c60f04cfa18b1e7ad8b1,train,2
763,taco_000763.jpg,batch_2/000030.JPG,https://farm66.staticflickr.com/65535/46939452025_536623f1a7_o.png,https://farm66.staticflickr.com/65535/46939452025_527439a6b1_z.jpg,CC BY 4.0 (TACO default for missing image license),Normal paper; Plastic film,434,639,e0f401ff2a09290e04e15da97806f3efc6e4134eefeb4b07e1c29a6ec7c58b6c,train,2
1195,taco_001195.jpg,batch_7/000024.JPG,https://farm66.staticflickr.com/65535/47066835024_0250e8b49d_o.png,https://farm66.staticflickr.com/65535/47066835024_c990769656_z.jpg,CC BY 4.0 (TACO default for missing image license),Drink can,640,480,768737cac8080e63e6ce7802a7c0afc693b67978ee1504c671641d1d210759ea,train,1
1242,taco_001242.jpg,batch_7/000081.JPG,https://farm66.staticflickr.com/65535/32912186627_8cb5281952_o.png,https://farm66.staticflickr.com/65535/32912186627_1e98a3df87_z.jpg,CC BY 4.0 (TACO default for missing image license),Paper bag,480,640,e8fef14d5ac635ccde4cb4a33c35a6e83973fb8049c0ba79ab2769660bd7a4a8,train,1
1250,taco_001250.jpg,batch_7/000089.JPG,https://farm66.staticflickr.com/65535/47066866604_813b7f6036_o.png,https://farm66.staticflickr.com/65535/47066866604_88fc4e23db_z.jpg,CC BY 4.0 (TACO default for missing image license),Clear plastic bottle,640,480,452df38ca5badffd5a26b3354b3f11ded84e040ffd3cf60f02bdbc3a87ff48ea,train,1
1217,taco_001217.jpg,batch_7/000053.JPG,https://farm66.staticflickr.com/65535/47856308751_84cc3a6bae_o.png,https://farm66.staticflickr.com/65535/47856308751_d3dc56259d_z.jpg,CC BY 4.0 (TACO default for missing image license),Plastic utensils,640,480,8c8ccf362e9b2de68b8b7fb0809e2ca917be8da8555eee66000f62a1b1a4b02f,train,1
727,taco_000727.jpg,batch_2/000048.JPG,https://farm66.staticflickr.com/65535/40889060803_d7c3d2189d_o.png,https://farm66.staticflickr.com/65535/40889060803_5efb04379d_z.jpg,CC BY 4.0 (TACO default for missing image license),Drink can; Pop tab,480,640,7f4c660aacc4daab876468b91e2ecf32878fc3adae06b1dab1b763c4e4216a23,train,2
100,taco_000100.jpg,batch_1/000129.JPG,https://farm66.staticflickr.com/65535/47803377832_5a1210d333_o.png,https://farm66.staticflickr.com/65535/47803377832_105d4deeb6_z.jpg,CC BY 4.0 (TACO default for missing image license),Corrugated carton; Food Can,480,640,f2a37d30079cedfae62dd2bcdbd9379da488c48a79e751ab6e1aff6e27d2383a,train,2
714,taco_000714.jpg,batch_2/000034.JPG,https://farm66.staticflickr.com/65535/47855692151_8013afbd28_o.png,https://farm66.staticflickr.com/65535/47855692151_e05faaa002_z.jpg,CC BY 4.0 (TACO default for missing image license),Glass bottle,480,640,2d543ed3ff5789bb9d257c9415293438134f86d920d557d53052e452c22419ea,train,1
19,taco_000019.jpg,batch_1/000032.jpg,https://farm66.staticflickr.com/65535/32911398817_e6ef283545_o.png,https://farm66.staticflickr.com/65535/32911398817_4725c65593_z.jpg,CC BY 4.0 (TACO default for missing image license),Drink can; Pop tab,480,640,bc257fa82bbb989ec8e7e6c56eb6cc274d314fa2e444eb59bf24aa12efab7bab,train,2
800,taco_000800.jpg,batch_3/IMG_5050.JPG,https://farm66.staticflickr.com/65535/47803604122_8b9b12d84a_o.png,https://farm66.staticflickr.com/65535/47803604122_78713dfb21_z.jpg,CC BY 4.0 (TACO default for missing image license),Plastic lid,480,640,1b3ee3742c6a3865b68ee5e1a6f5734cc241d99362cbe10c2bcc9d815c8ca4c6,train,1
44,taco_000044.jpg,batch_1/000037.jpg,https://farm66.staticflickr.com/65535/32911404467_75881a027e_o.png,https://farm66.staticflickr.com/65535/32911404467_6bb8e83d98_z.jpg,CC BY 4.0 (TACO default for missing image license),Food Can; Pop tab,640,480,64a6a0bdb241de50e155ede9de2f2eb5006fa01b00fa410e68079ee6b36511f7,train,5
994,taco_000994.jpg,batch_5/000064.JPG,https://farm66.staticflickr.com/65535/47066698454_9cfe3da8eb_o.png,https://farm66.staticflickr.com/65535/47066698454_f6695ce801_z.jpg,CC BY 4.0 (TACO default for missing image license),Disposable plastic cup,480,640,4da4a6b07b86427b213f5a0fe1baa74c8c8e8fe66a7b28fcd92e4ba1f7076e1f,train,1
1264,taco_001264.jpg,batch_7/000104.JPG,https://farm66.staticflickr.com/65535/33979027518_014d54c907_o.png,https://farm66.staticflickr.com/65535/33979027518_1690fd573e_z.jpg,CC BY 4.0 (TACO default for missing image license),Plastic film,640,480,bbee013ec1ec17d72fcbc153f982d251d2c5a1f6e56086c4c7eb1fe5d2797f8f,train,1
979,taco_000979.jpg,batch_5/000088.JPG,https://farm66.staticflickr.com/65535/33978854668_0e8027793b_o.png,https://farm66.staticflickr.com/65535/33978854668_a16c02c2ae_z.jpg,CC BY 4.0 (TACO default for missing image license),Plastic bottle cap,480,640,ed91420177f611224886327e0926220e62e99e9f573163bcccd19228ac8f30c6,train,1
1246,taco_001246.jpg,batch_7/000085.JPG,https://farm66.staticflickr.com/65535/47066864244_e7ffb321d4_o.png,https://farm66.staticflickr.com/65535/47066864244_8837648e91_z.jpg,CC BY 4.0 (TACO default for missing image license),Clear plastic bottle; Normal paper; Other plastic wrapper; Plastic bottle cap,480,640,ce499210f9967fb06d00a3b1ebb15e17949171f61469b65278db8a15b51df614,train,15
750,taco_000750.jpg,batch_2/000073.JPG,https://farm66.staticflickr.com/65535/40889078143_c8222cc338_o.png,https://farm66.staticflickr.com/65535/40889078143_b4d6fe1d49_z.jpg,CC BY 4.0 (TACO default for missing image license),Other plastic wrapper; Plastic film,480,640,ebe729d233d9386d48c4272b82aa43ad610480f4c01c44f4a9450ab55a013502,train,2
686,taco_000686.jpg,batch_2/000000.JPG,https://farm66.staticflickr.com/65535/32911550337_2a87758e0b_o.png,https://farm66.staticflickr.com/65535/32911550337_c69cdb883a_z.jpg,CC BY 4.0 (TACO default for missing image license),Other plastic bottle; Plastic bottle cap,480,640,8f24634e41cbdb2acd4a22905ac22dfad330ffc70181fe96b3aa9d3d430b1ec5,train,2
1213,taco_001213.jpg,batch_7/000049.JPG,https://farm66.staticflickr.com/65535/40889679993_fcb47865fa_o.png,https://farm66.staticflickr.com/65535/40889679993_0c394d6df7_z.jpg,CC BY 4.0 (TACO default for missing image license),Clear plastic bottle; Other plastic; Other plastic wrapper; Plastic bottle cap; Plastic film; Plastic straw; Plastic utensils; Single-use carrier bag; Spread tub; Tissues,480,640,b6f5aed0d56f6015cd759b12eec9a3e10100a262bf50b658065fc205c9bad93d,train,14
1241,taco_001241.jpg,batch_7/000080.JPG,https://farm66.staticflickr.com/65535/47856326681_5ce2972505_o.png,https://farm66.staticflickr.com/65535/47856326681_1dca73c9c5_z.jpg,CC BY 4.0 (TACO default for missing image license),Aluminium foil; Clear plastic bottle; Plastic bottle cap,640,480,2d9a485cf6031055884e3e3a9c6452feaa65d268ee31e6f502c54870d7beefa0,train,3
87,taco_000087.jpg,batch_1/000110.JPG,https://farm66.staticflickr.com/65535/47066094324_6b4fe2129b_o.png,https://farm66.staticflickr.com/65535/47066094324_a8d34afa4a_z.jpg,CC BY 4.0 (TACO default for missing image license),Drink can; Other plastic wrapper,480,640,3404c9d5b56af8a1c8ae15412cb663b8b7676df487601d229ae03e7be59d6a3a,train,2
803,taco_000803.jpg,batch_3/IMG_5053.JPG,https://farm66.staticflickr.com/65535/46939499105_8d833822af_o.png,https://farm66.staticflickr.com/65535/46939499105_ebfce82090_z.jpg,CC BY 4.0 (TACO default for missing image license),Clear plastic bottle; Other plastic bottle; Plastic bottle cap,480,640,7f4da53946e8989dc119a33ff36662b80e13c90560c8db4f2a4fca8e3ab6decc,train,3
1160,taco_001160.jpg,batch_6/000015.JPG,https://farm66.staticflickr.com/65535/40889638173_0ca45fd364_o.png,https://farm66.staticflickr.com/65535/40889638173_216d1f1c31_z.jpg,CC BY 4.0 (TACO default for missing image license),Clear plastic bottle; Glass bottle,640,499,c7815846e3b26f7bd7a01a6e02035f9614a41c57d4d01bf77d9eed6d40c6f6b7,train,2
877,taco_000877.jpg,batch_4/000066.JPG,https://farm66.staticflickr.com/65535/47803873092_c013017a6a_o.png,https://farm66.staticflickr.com/65535/47803873092_d0def56479_z.jpg,CC BY 4.0 (TACO default for missing image license),Other plastic; Plastic film,640,480,f29cebf7eafc807d8a52bdb4d0ac8500423badeddfe1eb9cedcd39ea1f3825ae,train,5
71,taco_000071.jpg,batch_1/000093.JPG,https://farm66.staticflickr.com/65535/47066085544_a1d7a34a92_o.png,https://farm66.staticflickr.com/65535/47066085544_c280701524_z.jpg,CC BY 4.0 (TACO default for missing image license),Spread tub,480,640,606175c64af88a61b1ef5c7b8788815fdc7eb44beac9de0a25ec7a0647b9e6b3,train,1
1025,taco_001025.jpg,batch_5/000008.JPG,https://farm66.staticflickr.com/65535/33978870528_f79fa6d235_o.png,https://farm66.staticflickr.com/65535/33978870528_0c5d7c64ab_z.jpg,CC BY 4.0 (TACO default for missing image license),Clear plastic bottle,480,640,597762857bbdbce73a5fdea854639a6d20af014f8d99c0e28ce0763ca022345f,train,1
1239,taco_001239.jpg,batch_7/000078.JPG,https://farm66.staticflickr.com/65535/32912184137_6d00f72bc6_o.png,https://farm66.staticflickr.com/65535/32912184137_5fab6f7024_z.jpg,CC BY 4.0 (TACO default for missing image license),Clear plastic bottle; Plastic bottle cap; Plastic film; Plastic straw; Pop tab; Single-use carrier bag,480,640,f5af0816d623b74b18f977b017d2b11d174e8b4984b74491b5ef56454687d47f,train,8
1167,taco_001167.jpg,batch_6/000007.JPG,https://farm66.staticflickr.com/65535/46939995835_1ab0f53e75_o.png,https://farm66.staticflickr.com/65535/46939995835_3369a4b971_z.jpg,CC BY 4.0 (TACO default for missing image license),Plastic film,480,640,ce0d4f0a9565b5363de3a787b887afc580f4fae76bc5e564f492668b4b8abbfc,train,1
1214,taco_001214.jpg,batch_7/000050.JPG,https://farm66.staticflickr.com/65535/32912163517_6b0255cb39_o.png,https://farm66.staticflickr.com/65535/32912163517_3cf5ec0385_z.jpg,CC BY 4.0 (TACO default for missing image license),Plastic straw; Plastic utensils,480,640,39594ae90719e13928c243914b4052886c36c8e60e92f77ceb1d40e8574cabef,train,3
780,taco_000780.jpg,batch_3/IMG_4978.JPG,https://farm66.staticflickr.com/65535/46939486395_641f3c7739_o.png,https://farm66.staticflickr.com/65535/46939486395_5e0928d2d7_z.jpg,CC BY 4.0 (TACO default for missing image license),Drink can; Pop tab,480,640,f9b9222381ea8bb5f0555fffe37092b5cb0cf7b316489a24a23471ee484967e0,train,2
961,taco_000961.jpg,batch_4/000096.JPG,https://farm66.staticflickr.com/65535/47856114101_99bab43be5_o.png,https://farm66.staticflickr.com/65535/47856114101_26cfb13c56_z.jpg,CC BY 4.0 (TACO default for missing image license),Plastic bottle cap; Pop tab,480,640,86f37d1a45c2717004c1b8a6a55f691e8c21716213a0f89f2c5c1d6a26e2400c,train,2
973,taco_000973.jpg,batch_5/000082.JPG,https://farm66.staticflickr.com/65535/33978850548_7a1d1bc426_o.png,https://farm66.staticflickr.com/65535/33978850548_0906e80f31_z.jpg,CC BY 4.0 (TACO default for missing image license),Plastic film,480,640,fb7f21cedfef29ea80585fef63ab45c7953f6aceace78050d487481415f035e4,train,1
928,taco_000928.jpg,batch_4/000058.JPG,https://farm66.staticflickr.com/65535/40889487943_24bdaef066_o.png,https://farm66.staticflickr.com/65535/40889487943_c9e5db3c88_z.jpg,CC BY 4.0 (TACO default for missing image license),Single-use carrier bag,640,480,b62c648df2c15d9e5dce3dcaa498c610f98e0479901136df90556c67af758641,train,1
1056,taco_001056.jpg,batch_5/000040.JPG,https://farm66.staticflickr.com/65535/47856193371_68edd17c45_o.png,https://farm66.staticflickr.com/65535/47856193371_8f69486987_z.jpg,CC BY 4.0 (TACO default for missing image license),Drink can; Metal bottle cap; Plastic straw,640,480,3c65530f9267ebef0f94a1115d9b0a7c506a319de3651781dee64f7c9f03388c,train,3
948,taco_000948.jpg,batch_4/000082.JPG,https://farm66.staticflickr.com/65535/33978814128_f5e3cdd61b_o.png,https://farm66.staticflickr.com/65535/33978814128_b6765c9175_z.jpg,CC BY 4.0 (TACO default for missing image license),Disposable plastic cup,640,480,013d15ae89504647141f1a48687334a5e7d7d62a5ee3a824f2bd6d001c4018d0,train,1
1215,taco_001215.jpg,batch_7/000051.JPG,https://farm66.staticflickr.com/65535/47066847104_e63d7fa88c_o.png,https://farm66.staticflickr.com/65535/47066847104_956a27ecb1_z.jpg,CC BY 4.0 (TACO default for missing image license),Plastic film; Plastic straw; Single-use carrier bag,480,640,07ee4bc2b0650656d1204f06b99e0dab52592d96dfdf27e3538dcd1dc17d9d52,train,5
1041,taco_001041.jpg,batch_5/000024.JPG,https://farm66.staticflickr.com/65535/32912047857_9571d702b5_o.png,https://farm66.staticflickr.com/65535/32912047857_9163411814_z.jpg,CC BY 4.0 (TACO default for missing image license),Paper bag,480,640,04ddc452efcaf112fba041ef7299ba917e52b2a168ac4a15fd18ec2af808cc0f,train,1
1127,taco_001127.jpg,batch_6/000051.JPG,https://farm66.staticflickr.com/65535/32912112857_c6c15897f8_o.png,https://farm66.staticflickr.com/65535/32912112857_5abf306213_z.jpg,CC BY 4.0 (TACO default for missing image license),Clear plastic bottle,480,640,3abe4a598a3b118e98306ec434f297f38e2db12472b04360ae8f961dbfd6ca4a,train,1
1125,taco_001125.jpg,batch_6/000053.JPG,https://farm66.staticflickr.com/65535/40889621093_446b5ced95_o.png,https://farm66.staticflickr.com/65535/40889621093_a08a6ce7bc_z.jpg,CC BY 4.0 (TACO default for missing image license),Aluminium foil,480,640,29f39dcc5513973fb8772ecf14a6cf0e05cff1d2284db33999ff66a04b77bd62,train,1
942,taco_000942.jpg,batch_4/000074.JPG,https://farm66.staticflickr.com/65535/33978809298_918877e383_o.png,https://farm66.staticflickr.com/65535/33978809298_51d34db190_z.jpg,CC BY 4.0 (TACO default for missing image license),Plastic bottle cap,640,480,6c90d244ed08e60d6f9d7541c2e1fa2c5f0012ccaaa0a4165d55d332727573f4,train,1
1202,taco_001202.jpg,batch_7/000035.JPG,https://farm66.staticflickr.com/65535/33978983968_155d2e9ff4_o.png,https://farm66.staticflickr.com/65535/33978983968_b84be20302_z.jpg,CC BY 4.0 (TACO default for missing image license),Other plastic,640,480,ffabc716c659a34c32c906fedb35669090fe6212ec6e7b73a5f81cce114ba4a2,train,1
1152,taco_001152.jpg,batch_6/000024.JPG,https://farm66.staticflickr.com/65535/47856258921_96c08f057a_o.png,https://farm66.staticflickr.com/65535/47856258921_d7df3036e0_z.jpg,CC BY 4.0 (TACO default for missing image license),Aluminium foil; Food Can; Plastic straw; Pop tab,640,480,db5d92d9830411f7e3ce6be265bfc3307f61f8e6c26a3ec233637966c8a66e0e,train,4
1225,taco_001225.jpg,batch_7/000063.JPG,https://farm66.staticflickr.com/65535/40889691843_29962d1be8_o.png,https://farm66.staticflickr.com/65535/40889691843_42aaec8888_z.jpg,CC BY 4.0 (TACO default for missing image license),Plastic straw,640,480,f9bcf7bcf5f9f6a1a691aafca536a8bcdfac9409a48279949610bd167ba8b9ab,train,1
1043,taco_001043.jpg,batch_5/000026.JPG,https://farm66.staticflickr.com/65535/32912049917_7a71692352_o.png,https://farm66.staticflickr.com/65535/32912049917_9ac47627cf_z.jpg,CC BY 4.0 (TACO default for missing image license),Disposable plastic cup,480,640,19a0ea930ea16681b67cc91d15fb8f989dd7b699c4205351d004abdb74c7ea78,train,1
29,taco_000029.jpg,batch_1/000027.jpg,https://farm66.staticflickr.com/65535/33978206868_ace11c6368_o.png,https://farm66.staticflickr.com/65535/33978206868_c5eb6d91a0_z.jpg,CC BY 4.0 (TACO default for missing image license),Drink can,480,640,1b6d5f73efd622341bdde30ebd97e3113fac779c7967cfede583346e54dfacb2,train,1
867,taco_000867.jpg,batch_3/IMG_5037.JPG,https://farm66.staticflickr.com/65535/40889198593_5014359850_o.png,https://farm66.staticflickr.com/65535/40889198593_430f5e6c05_z.jpg,CC BY 4.0 (TACO default for missing image license),Plastic film,548,640,86128253de9a2826f2643359f05e3a45ad0c227d187a8e6d2f4deaa3d3b7b979,train,1
899,taco_000899.jpg,batch_4/000023.JPG,https://farm66.staticflickr.com/65535/47803892332_5218b74150_o.png,https://farm66.staticflickr.com/65535/47803892332_f552fb65c7_z.jpg,CC BY 4.0 (TACO default for missing image license),Plastic bottle cap,640,480,bf387a6acb8e91f35238e8186bb5647f25daa8bcb198d11b29096f8c46cfa66d,train,1
846,taco_000846.jpg,batch_3/IMG_4924.JPG,https://farm66.staticflickr.com/65535/47855805651_1db7f68985_o.png,https://farm66.staticflickr.com/65535/47855805651_7995b74af9_z.jpg,CC BY 4.0 (TACO default for missing image license),Plastic film,480,640,c344c61f1fd7d0d5758d60451df4a07120639c8eb8a9fd325e90dee48e804fba,train,1
1259,taco_001259.jpg,batch_7/000098.JPG,https://farm66.staticflickr.com/65535/46940064055_c741fddfeb_o.png,https://farm66.staticflickr.com/65535/46940064055_79c9461c7d_z.jpg,CC BY 4.0 (TACO default for missing image license),Other plastic,640,480,ed6a73c7f9a831469949910ae36e4b7fc9c57d0c328cb4d80e38651f649d0ab5,train,1
1238,taco_001238.jpg,batch_7/000077.JPG,https://farm66.staticflickr.com/65535/47804079742_ba556ae1ca_o.png,https://farm66.staticflickr.com/65535/47804079742_d9ef310068_z.jpg,CC BY 4.0 (TACO default for missing image license),Clear plastic bottle,480,640,a1d8f7adc7f4c56e1dba8116700b8c4d66663021f5542ab9e6173814982db2bd,train,1
1097,taco_001097.jpg,batch_6/000083.JPG,https://farm66.staticflickr.com/65535/32912098647_4e3b57777f_o.png,https://farm66.staticflickr.com/65535/32912098647_ea249bbee4_z.jpg,CC BY 4.0 (TACO default for missing image license),Clear plastic bottle; Other plastic,639,615,0db38e4b190cbb80b44284c6797623d089790012aa32bc14f20f40ebbf4358a2,train,2
732,taco_000732.jpg,batch_2/000054.JPG,https://farm66.staticflickr.com/65535/47855707671_4f31623298_o.png,https://farm66.staticflickr.com/65535/47855707671_229f7036ae_z.jpg,CC BY 4.0 (TACO default for missing image license),Aluminium foil; Plastic film; Plastic lid; Six pack rings,480,640,95402944a0d53bea4b421eaf1357e379539552449befaef6e51e97a320f3875f,train,7
885,taco_000885.jpg,batch_4/000008.JPG,https://farm66.staticflickr.com/65535/40889456293_6739ab1dea_o.png,https://farm66.staticflickr.com/65535/40889456293_b6f447d88f_z.jpg,CC BY 4.0 (TACO default for missing image license),Plastic straw,480,640,d637d323e74f276513d1b97ff2cdf4f7e3a1e553c90e8913084c8787b51dddf5,train,1
1270,taco_001270.jpg,batch_7/000111.JPG,https://farm66.staticflickr.com/65535/33979029898_35be6be05f_o.png,https://farm66.staticflickr.com/65535/33979029898_99091e541b_z.jpg,CC BY 4.0 (TACO default for missing image license),Disposable plastic cup,640,480,6e2cc03ac1ddb0c5e10daaa4aaba912c60e7581ed145f1bf9780a3e383f11bd4,train,1
1283,taco_001283.jpg,batch_7/000125.JPG,https://farm66.staticflickr.com/65535/46940077595_b55970cace_o.png,https://farm66.staticflickr.com/65535/46940077595_ffe84c6cd4_z.jpg,CC BY 4.0 (TACO default for missing image license),Clear plastic bottle; Styrofoam piece,640,480,2f1b3a30bde72c8daa9f92e7cb3b429bd7d34b0999ba3370971caedc23f3d863,train,5
862,taco_000862.jpg,batch_3/IMG_4881.JPG,https://farm66.staticflickr.com/65535/47066375304_40fe0f2270_o.png,https://farm66.staticflickr.com/65535/47066375304_97f9bce293_z.jpg,CC BY 4.0 (TACO default for missing image license),Plastic film,508,640,fdbdac0dfb57d46b8f338c728aeb276d08015dd33ca96c9ea2d962928cc86312,train,1
1187,taco_001187.jpg,batch_7/000016.JPG,https://farm66.staticflickr.com/65535/32912149767_1a29ed7168_o.png,https://farm66.staticflickr.com/65535/32912149767_e32e11c0a4_z.jpg,CC BY 4.0 (TACO default for missing image license),Clear plastic bottle,480,640,72c07e679b07220c7df6b39d3a60ded2a12c02ec1305922d60776020b4e120e3,train,1
1175,taco_001175.jpg,batch_7/000002.JPG,https://farm66.staticflickr.com/65535/47804052832_72f1f8e88a_o.png,https://farm66.staticflickr.com/65535/47804052832_9c4d99ec38_z.jpg,CC BY 4.0 (TACO default for missing image license),Other plastic; Plastic straw,640,427,36405fd1db0e5fe87ebd0822dbff0396acfeb5c31fcdcf184ed184f573488247,train,2
27,taco_000027.jpg,batch_1/000023.jpg,https://farm66.staticflickr.com/65535/33978206458_6f2ede98d9_o.png,https://farm66.staticflickr.com/65535/33978206458_ccaff895b0_z.jpg,CC BY 4.0 (TACO default for missing image license),Clear plastic bottle; Drink can; Plastic bottle cap; Pop tab,480,640,f3011b8a24d9335797d1c3c333a5b5331690e8b5adfee829850f3d9d8309a593,train,7
1044,taco_001044.jpg,batch_5/000027.JPG,https://farm66.staticflickr.com/65535/46939913575_f52efcf897_o.png,https://farm66.staticflickr.com/65535/46939913575_581c793c6f_z.jpg,CC BY 4.0 (TACO default for missing image license),Glass bottle,480,640,208913e86ff800da9e53f2fde87d1a6305bfcfe2f853f297609b8939447730e7,train,3
1083,taco_001083.jpg,batch_6/000098.JPG,https://farm66.staticflickr.com/65535/47066765964_640d18a329_o.png,https://farm66.staticflickr.com/65535/47066765964_db081f62fa_z.jpg,CC BY 4.0 (TACO default for missing image license),Aluminium foil,480,640,f2bc2aa5abcb4f656496de04a4069967ed6437ca776490736dcb7733d3942fc0,train,1
708,taco_000708.jpg,batch_2/000026.JPG,https://farm66.staticflickr.com/65535/47066242794_3cfe79b582_o.png,https://farm66.staticflickr.com/65535/47066242794_a9f40558f3_z.jpg,CC BY 4.0 (TACO default for missing image license),Drink can,640,480,e49958cd6b3657159688bfee3bc07a0fba95096e440b73c886cea8601ba78d1b,train,1
728,taco_000728.jpg,batch_2/000050.JPG,https://farm66.staticflickr.com/65535/40889061403_e26b8e8ce4_o.png,https://farm66.staticflickr.com/65535/40889061403_202875d490_z.jpg,CC BY 4.0 (TACO default for missing image license),Disposable plastic cup; Plastic lid; Plastic straw,480,640,9b8a276fbed8c374f2b321df0900d8d2511087cdf205e98d663fa43ea057233b,train,3
1256,taco_001256.jpg,batch_7/000095.JPG,https://farm66.staticflickr.com/65535/47066870424_f4b18db7c1_o.png,https://farm66.staticflickr.com/65535/47066870424_615417b9eb_z.jpg,CC BY 4.0 (TACO default for missing image license),Drink can,480,640,2ef05a3e281fd8d7c6513a57602f607f338ebfc30d4507106b3b873c25a4fab5,train,1
788,taco_000788.jpg,batch_3/IMG_5003.JPG,https://farm66.staticflickr.com/65535/33978418908_5e5170668c_o.png,https://farm66.staticflickr.com/65535/33978418908_6babf0cf2c_z.jpg,CC BY 4.0 (TACO default for missing image license),Plastic utensils,480,640,eab19a9f235e73dbfdccf7645ee66f9da46a4cb8b6161ea799716a0f08f5590d,train,1
897,taco_000897.jpg,batch_4/000021.JPG,https://farm66.staticflickr.com/65535/47856083241_b1fdd7edc9_o.png,https://farm66.staticflickr.com/65535/47856083241_ca0031c092_z.jpg,CC BY 4.0 (TACO default for missing image license),Other plastic,640,480,141b1178f6868475d59e1c0a73979d2a9c9bcab240dd4be474d2afb8833f1fdd,train,1
1245,taco_001245.jpg,batch_7/000084.JPG,https://farm66.staticflickr.com/65535/47066863934_9cfdebf1ce_o.png,https://farm66.staticflickr.com/65535/47066863934_6c7224de3a_z.jpg,CC BY 4.0 (TACO default for missing image license),Disposable plastic cup; Plastic lid,640,640,ae590661ea60c1e221a1fc450d618ec60a9f2c0b66063ddea5c4da0fcd4a0c98,train,2
687,taco_000687.jpg,batch_2/000001.JPG,https://farm66.staticflickr.com/65535/47855674961_f42f31f1f6_o.png,https://farm66.staticflickr.com/65535/47855674961_2222cd4932_z.jpg,CC BY 4.0 (TACO default for missing image license),Glass bottle; Other plastic wrapper,480,640,f94731cf76feb9fdd29f9f24a044bd7e8c88c156594ee7dc762890af43785bf3,train,3
1248,taco_001248.jpg,batch_7/000087.JPG,https://farm66.staticflickr.com/65535/47856331951_3b2f3a6dc8_o.png,https://farm66.staticflickr.com/65535/47856331951_b89dc4c2cb_z.jpg,CC BY 4.0 (TACO default for missing image license),Clear plastic bottle; Disposable plastic cup; Plastic bottle cap; Plastic lid; Plastic straw; Single-use carrier bag,640,480,0e3a857048e25ccd19cd54ec38bb0ed0e7f67743c3e17e57e64cb7bb224ee2e0,train,9
1013,taco_001013.jpg,batch_5/000114.JPG,https://farm66.staticflickr.com/65535/46939894765_a89ede7b9e_o.png,https://farm66.staticflickr.com/65535/46939894765_419d63cda7_z.jpg,CC BY 4.0 (TACO default for missing image license),Clear plastic bottle; Normal paper; Plastic bottle cap,480,640,11f0edb971a0bbbf89fbb3fc8c95ef62ebad119c124ee90e9afa15f948fc56aa,train,3
943,taco_000943.jpg,batch_4/000076.JPG,https://farm66.staticflickr.com/65535/47856104631_2684819a91_o.png,https://farm66.staticflickr.com/65535/47856104631_bfa4f4aae5_z.jpg,CC BY 4.0 (TACO default for missing image license),Plastic film,640,480,538eedf227ad259a5bfe865b0ccf043cbe7fc077510597fd657580757956a7ab,train,1
1103,taco_001103.jpg,batch_6/000076.JPG,https://farm66.staticflickr.com/65535/47856232351_f798dc2cce_o.png,https://farm66.staticflickr.com/65535/47856232351_547e40862a_z.jpg,CC BY 4.0 (TACO default for missing image license),Clear plastic bottle; Glass bottle,450,640,5264dbfdae7be6aeb4b312ea5ad1518da3eb28937a1bc721de58cb89cc336ed0,train,2
781,taco_000781.jpg,batch_3/IMG_4980.JPG,https://farm66.staticflickr.com/65535/46939487015_c457a93178_o.png,https://farm66.staticflickr.com/65535/46939487015_62e75bcf39_z.jpg,CC BY 4.0 (TACO default for missing image license),Other plastic wrapper,480,640,817543992dea0a7dff516e47ca14b28511884c0cb8ad9a38aa650a7887019e55,train,1
936,taco_000936.jpg,batch_4/000068.JPG,https://farm66.staticflickr.com/65535/32911983837_8ecd248183_o.png,https://farm66.staticflickr.com/65535/32911983837_66b7d5cb7b_z.jpg,CC BY 4.0 (TACO default for missing image license),Other plastic,480,640,61d713f893ad0bdc8ce8c1b23d05ded6e22919306d5bf95a9932c9095453089e,train,1
1221,taco_001221.jpg,batch_7/000057.JPG,https://farm66.staticflickr.com/65535/46940043775_9501d0198e_o.png,https://farm66.staticflickr.com/65535/46940043775_d25627abf0_z.jpg,CC BY 4.0 (TACO default for missing image license),Disposable plastic cup,480,640,f0cd0256465c6c39377cba4a38131d0e6ceee99e783bfe1972f1c809a03b47dd,train,1
1071,taco_001071.jpg,batch_5/000057.JPG,https://farm66.staticflickr.com/65535/47066746044_2934b2ea8f_o.png,https://farm66.staticflickr.com/65535/47066746044_125509e7d6_z.jpg,CC BY 4.0 (TACO default for missing image license),Single-use carrier bag; Spread tub,480,640,d977a193840f7ab07ae82191ffef871f8f83f6c494204664e751e838640af9e8,train,2
760,taco_000760.jpg,batch_2/000085.JPG,https://farm66.staticflickr.com/65535/32911601367_cbdc0944fc_o.png,https://farm66.staticflickr.com/65535/32911601367_8f774fa8a4_z.jpg,CC BY 4.0 (TACO default for missing image license),Plastic straw,480,640,aed70d4e358fccdff6f6270eda4b441808e1f713efa7ec43de6ba71ff9ae6421,train,1
918,taco_000918.jpg,batch_4/000048.JPG,https://farm66.staticflickr.com/65535/40889479593_0e919dbcd9_o.png,https://farm66.staticflickr.com/65535/40889479593_7661a4bd03_z.jpg,CC BY 4.0 (TACO default for missing image license),Plastic film,480,640,d39e5b51b841c910b58774add477e9eda9781e9fe56ae061e90cbaa67f3d9bf5,train,1
833,taco_000833.jpg,batch_3/IMG_4898.JPG,https://farm66.staticflickr.com/65535/47855798821_c870fb4f0a_o.png,https://farm66.staticflickr.com/65535/47855798821_2104cfc8e9_z.jpg,CC BY 4.0 (TACO default for missing image license),Single-use carrier bag,480,640,62e94e503a149aed6c4bb46df4250e35f5a27d00d18ef98636a43876c31e7ccc,train,1
1164,taco_001164.jpg,batch_6/000010.JPG,https://farm66.staticflickr.com/65535/33978955328_207744f7f6_o.png,https://farm66.staticflickr.com/65535/33978955328_e0958620b2_z.jpg,CC BY 4.0 (TACO default for missing image license),Clear plastic bottle,480,640,8946901d3f8ddec8260060d644b4cd24743b509fab265a0eab15c2b679d6b556,train,1
930,taco_000930.jpg,batch_4/000060.JPG,https://farm66.staticflickr.com/65535/47803907022_1e89c609bd_o.png,https://farm66.staticflickr.com/65535/47803907022_3c96048927_z.jpg,CC BY 4.0 (TACO default for missing image license),Other plastic,640,480,1e6369428d932ebb130e08c8d83ff763a84fc892f552a0136c45637510969cba,train,1
958,taco_000958.jpg,batch_4/000093.JPG,https://farm66.staticflickr.com/65535/46939852565_c6906281c9_o.png,https://farm66.staticflickr.com/65535/46939852565_3939f783fb_z.jpg,CC BY 4.0 (TACO default for missing image license),Plastic film,480,640,7ff057587c558c15af98b5aa8ea933d858583df32bc4575d3ed9f08a06f4d8db,train,1
1268,taco_001268.jpg,batch_7/000109.JPG,https://farm66.staticflickr.com/65535/46940068675_47f79154f7_o.png,https://farm66.staticflickr.com/65535/46940068675_78086470b7_z.jpg,CC BY 4.0 (TACO default for missing image license),Clear plastic bottle; Plastic bottle cap; Styrofoam piece,640,480,6afe95c8d10ac779cc182d34f2dbddeb11674e8c0ee1b86dc51947cfe4459501,train,3
843,taco_000843.jpg,batch_3/IMG_4919.JPG,https://farm66.staticflickr.com/65535/47803639262_1f63aeb5b0_o.png,https://farm66.staticflickr.com/65535/47803639262_1ae61dfc71_z.jpg,CC BY 4.0 (TACO default for missing image license),Drink can; Pop tab,480,640,539d7907635bb15d7d55d217cc8decf5cfd50f78d2d3db23a5173198cfd8b5c7,train,2
1024,taco_001024.jpg,batch_5/000007.JPG,https://farm66.staticflickr.com/65535/32912036217_d5657a9d70_o.png,https://farm66.staticflickr.com/65535/32912036217_c082f61a9c_z.jpg,CC BY 4.0 (TACO default for missing image license),Drink can,640,480,99cb720f5a84297afcb117a0c916239ba14b556358786a7442dca9b792688e57,train,1
765,taco_000765.jpg,batch_2/000088.JPG,https://farm66.staticflickr.com/65535/47066278964_fc9fddac8c_o.png,https://farm66.staticflickr.com/65535/47066278964_7e87a48ae2_z.jpg,CC BY 4.0 (TACO default for missing image license),Clear plastic bottle; Plastic bottle cap,480,640,36b929dc7dee6723fa6b407227a557021f809b233c38992e89e715acbc4962e2,train,2
832,taco_000832.jpg,batch_3/IMG_4897.JPG,https://farm66.staticflickr.com/65535/47855798171_edff8bd821_o.png,https://farm66.staticflickr.com/65535/47855798171_69845e3463_z.jpg,CC BY 4.0 (TACO default for missing image license),Plastic film,480,640,ef02f88133ae447e5caf3754af3544b39f3ec7681469cf689d32bb270cc7e53a,train,3
784,taco_000784.jpg,batch_3/IMG_4996.JPG,https://farm66.staticflickr.com/65535/47066307114_8f7bcde345_o.png,https://farm66.staticflickr.com/65535/47066307114_6202f74066_z.jpg,CC BY 4.0 (TACO default for missing image license),Clear plastic bottle; Drink can; Plastic bottle cap; Pop tab,480,640,ca132b141025c5224f1dd5044d24d1f185bea112fdfa2ff1e5532a260ef3d576,train,4
1230,taco_001230.jpg,batch_7/000068.JPG,https://farm66.staticflickr.com/65535/47804075752_b00a05cfc9_o.png,https://farm66.staticflickr.com/65535/47804075752_130acca876_z.jpg,CC BY 4.0 (TACO default for missing image license),Other plastic wrapper,640,480,82e1fb147ea55577d85afd6e942964614917abf6d5fe011db6ec9f9c82f816c4,train,1
1183,taco_001183.jpg,batch_7/000012.JPG,https://farm66.staticflickr.com/65535/47856290731_9bcd8c16e9_o.png,https://farm66.staticflickr.com/65535/47856290731_b1a0b3acc8_z.jpg,CC BY 4.0 (TACO default for missing image license),Plastic film,640,427,1226b9d6d01e1d012d4708496cb6743d18f516968028bbcea3cdb299a47bad64,train,1
1153,taco_001153.jpg,batch_6/000023.JPG,https://farm66.staticflickr.com/65535/47804038142_e7cb0ffa8f_o.png,https://farm66.staticflickr.com/65535/47804038142_15dc6b3e20_z.jpg,CC BY 4.0 (TACO default for missing image license),Clear plastic bottle; Plastic bottle cap,640,480,54386742ce25fefac98a787f0ac231dcb3bf589c2402c5476cfa1812fb28fd50,train,2
73,taco_000073.jpg,batch_1/000095.JPG,https://farm66.staticflickr.com/65535/46939275485_e9b457ee2b_o.png,https://farm66.staticflickr.com/65535/46939275485_13483d1194_z.jpg,CC BY 4.0 (TACO default for missing image license),Single-use carrier bag,480,640,68b579d77a2f68439695dce10845bc955c584a77ab33b4add1fc005ab185168e,train,1
962,taco_000962.jpg,batch_4/000097.JPG,https://farm66.staticflickr.com/65535/46939854725_966127311f_o.png,https://farm66.staticflickr.com/65535/46939854725_eef3d8cc40_z.jpg,CC BY 4.0 (TACO default for missing image license),Other plastic; Other plastic bottle; Other plastic wrapper,480,640,56a3187df0de76cceb447aba18de77c391a1b23256bcacc0df45ed4d110c95b9,train,7
1020,taco_001020.jpg,batch_5/000002.JPG,https://farm66.staticflickr.com/65535/47803959742_0b6c580b42_o.png,https://farm66.staticflickr.com/65535/47803959742_5375dd4414_z.jpg,CC BY 4.0 (TACO default for missing image license),Drink can,480,640,3fdbd1693586f39ff5d43b1c1dc61b99a8171021bb08e356351c830d4ebe49be,train,1
1082,taco_001082.jpg,batch_6/000099.JPG,https://farm66.staticflickr.com/65535/47856222401_0bd6036b2e_o.png,https://farm66.staticflickr.com/65535/47856222401_418c5c7a71_z.jpg,CC BY 4.0 (TACO default for missing image license),Clear plastic bottle; Drink can; Pop tab,640,480,6556210764477f3299236991f4a2e16c4f9794390339196b4576a014b8a3c166,train,5
1287,taco_001287.jpg,batch_7/000129.JPG,https://farm66.staticflickr.com/65535/32912209527_32d57d885a_o.png,https://farm66.staticflickr.com/65535/32912209527_a69d59deda_z.jpg,CC BY 4.0 (TACO default for missing image license),Other plastic wrapper; Styrofoam piece,640,480,bf92b5fd4d6ff26ab895c2c8dc039d83c92359311cf5c3157cedebb1655dc685,train,2
1253,taco_001253.jpg,batch_7/000092.JPG,https://farm66.staticflickr.com/65535/32912196167_9db352d672_o.png,https://farm66.staticflickr.com/65535/32912196167_4c06ae167d_z.jpg,CC BY 4.0 (TACO default for missing image license),Drink can; Food Can; Pop tab,640,480,49c5a95f33828d76a2ba090c74a97db880d28b970668295fe9986a80a1e6bdea,train,4
1185,taco_001185.jpg,batch_7/000014.JPG,https://farm66.staticflickr.com/65535/40889661293_5072c1a7df_o.png,https://farm66.staticflickr.com/65535/40889661293_05d6457802_z.jpg,CC BY 4.0 (TACO default for missing image license),Aluminium foil,640,480,9ba81d9053ae0d327d0ec14604b6d40835912ebc6d6f91cca211ede267eba81e,train,1
0,taco_000000.jpg,batch_1/000006.jpg,https://farm66.staticflickr.com/65535/33978196618_e30a59e0a8_o.png,https://farm66.staticflickr.com/65535/33978196618_632623b4fc_z.jpg,CC BY 4.0 (TACO default for missing image license),Glass bottle,480,640,2107981d12851a3205d008483ab8b5f150183c0939359bd9902f170aecd65dea,train,1
1162,taco_001162.jpg,batch_6/000013.JPG,https://farm66.staticflickr.com/65535/32912131367_1d276577a4_o.png,https://farm66.staticflickr.com/65535/32912131367_c43a4351d0_z.jpg,CC BY 4.0 (TACO default for missing image license),Drink can,480,640,2a810d5b2265955361b6985daf971989096e34c50361239b82ea8f4369aeee11,train,1
740,taco_000740.jpg,batch_2/000062.JPG,https://farm66.staticflickr.com/65535/46939445485_8c2159d008_o.png,https://farm66.staticflickr.com/65535/46939445485_f76d982279_z.jpg,CC BY 4.0 (TACO default for missing image license),Metal bottle cap,640,480,c99b1406d340e2c0245fda41abbd213d436becb9c34dd9b06129d359c0a2ca7c,train,1
703,taco_000703.jpg,batch_2/000021.JPG,https://farm66.staticflickr.com/65535/40889047743_744374aa82_o.png,https://farm66.staticflickr.com/65535/40889047743_65bf3c51dc_z.jpg,CC BY 4.0 (TACO default for missing image license),Disposable plastic cup; Plastic lid; Plastic straw,480,640,71dd09e89cac245bb7886d9ea98e674887122de770583a7cb02ddb3325d696b4,train,3
821,taco_000821.jpg,batch_3/IMG_4875.JPG,https://farm66.staticflickr.com/65535/40889158193_9bd0ae62b7_o.png,https://farm66.staticflickr.com/65535/40889158193_d7c10f5483_z.jpg,CC BY 4.0 (TACO default for missing image license),Corrugated carton,640,480,8b4f6d118be4071b7a23d4964a0ce88ea0edf6ee1635d002ce93249ba068444a,train,1
1254,taco_001254.jpg,batch_7/000093.JPG,https://farm66.staticflickr.com/65535/33979021108_fe24ced421_o.png,https://farm66.staticflickr.com/65535/33979021108_8b19fa12f7_z.jpg,CC BY 4.0 (TACO default for missing image license),Disposable plastic cup,480,640,e85c141658f4aea04f344210c9992e6608516e3d915ba9387e564f1d2f342181,train,1
894,taco_000894.jpg,batch_4/000018.JPG,https://farm66.staticflickr.com/65535/47856081041_d58c0287cc_o.png,https://farm66.staticflickr.com/65535/47856081041_06472bc8a0_z.jpg,CC BY 4.0 (TACO default for missing image license),Other plastic,480,640,3be3b068460393b249bd4bff67b38219c2abfcea85c6cffb41a85e4ea794de28,train,1
953,taco_000953.jpg,batch_4/000087.JPG,https://farm66.staticflickr.com/65535/33978817518_b7fa165458_o.png,https://farm66.staticflickr.com/65535/33978817518_162c9924fd_z.jpg,CC BY 4.0 (TACO default for missing image license),Plastic film; Styrofoam piece,640,480,e5079e5717242ba5558322bea1a3e708e528cda197adb4d5bebcc8db38f485fb,train,4
852,taco_000852.jpg,batch_3/IMG_4939.JPG,https://farm66.staticflickr.com/65535/47855808451_a26645df5a_o.png,https://farm66.staticflickr.com/65535/47855808451_6f1196988a_z.jpg,CC BY 4.0 (TACO default for missing image license),Paper bag; Plastic lid,480,640,fe5203f4063ce3325bbdfc541c8c4fc1f36b4e9ae4ffaf7ff4cd8603880fab29,train,2
1227,taco_001227.jpg,batch_7/000065.JPG,https://farm66.staticflickr.com/65535/46940047855_eb290f9630_o.png,https://farm66.staticflickr.com/65535/46940047855_da8acf5b01_z.jpg,CC BY 4.0 (TACO default for missing image license),Clear plastic bottle; Plastic bottle cap; Single-use carrier bag,640,480,3bf8941646404d76f956cda0e70485848e3ddebb959df2021e11dad85f5875a8,train,3
947,taco_000947.jpg,batch_4/000081.JPG,https://farm66.staticflickr.com/65535/40889499713_c64833f1ae_o.png,https://farm66.staticflickr.com/65535/40889499713_cb3c31f336_z.jpg,CC BY 4.0 (TACO default for missing image license),Corrugated carton,480,640,84618d2031824c0c62c9fd7b00e874dea8f82d20081500c1b339786d3dfc60ed,train,1
1038,taco_001038.jpg,batch_5/000021.JPG,https://farm66.staticflickr.com/65535/47803971762_bcd5a627e6_o.png,https://farm66.staticflickr.com/65535/47803971762_28082cd91d_z.jpg,CC BY 4.0 (TACO default for missing image license),Plastic film,480,640,c995eac075e928a7b4dee3566c12e1e47a075cad463c7fb3d606f40691e735a6,train,1
1036,taco_001036.jpg,batch_5/000019.JPG,https://farm66.staticflickr.com/65535/47803969562_de0a75fa84_o.png,https://farm66.staticflickr.com/65535/47803969562_357c8fb840_z.jpg,CC BY 4.0 (TACO default for missing image license),Plastic lid; Plastic straw,480,640,8ab268366e165ffd41ed9d829b18ac0b71b00a3727b1b92612d28546c3062af1,train,2
1267,taco_001267.jpg,batch_7/000108.JPG,https://farm66.staticflickr.com/65535/47066875204_4c8b4a0fb1_o.png,https://farm66.staticflickr.com/65535/47066875204_ddf3597e13_z.jpg,CC BY 4.0 (TACO default for missing image license),Plastic film,640,480,835d30b0aa9f44f266e2abd6cea0a3e6a1c3f2906e7b0ac665e68fb4a2bb7d30,train,1
1051,taco_001051.jpg,batch_5/000035.JPG,https://farm66.staticflickr.com/65535/32912055617_3d75ccd505_o.png,https://farm66.staticflickr.com/65535/32912055617_3d8d63e79f_z.jpg,CC BY 4.0 (TACO default for missing image license),Plastic lid,480,640,88f487b56280000a913fa40af69c50c7235dab0291ba1b6a2be5cff459b71238,train,1
743,taco_000743.jpg,batch_2/000065.JPG,https://farm66.staticflickr.com/65535/47855713161_d8566ff444_o.png,https://farm66.staticflickr.com/65535/47855713161_c74927d28c_z.jpg,CC BY 4.0 (TACO default for missing image license),Plastic film,480,640,362261e627f5a2d01bf7e5726cfd988f96d6ec8c9dea379a38a357ae62baf751,train,1
1145,taco_001145.jpg,batch_6/000032.JPG,https://farm66.staticflickr.com/65535/47856254581_7e292f18aa_o.png,https://farm66.staticflickr.com/65535/47856254581_ce39938a52_z.jpg,CC BY 4.0 (TACO default for missing image license),Clear plastic bottle,640,480,2b5b80db76e58d37673dd74ce101eedb152fc5c493313b8780469b799389bb78,train,2
786,taco_000786.jpg,batch_3/IMG_4998.JPG,https://farm66.staticflickr.com/65535/33978416818_340d3bdda1_o.png,https://farm66.staticflickr.com/65535/33978416818_3103cfd96e_z.jpg,CC BY 4.0 (TACO default for missing image license),Drink can,480,640,a4613d1565e9f8825c90dd910f1adbc9e33c1545144297590ed9c3c9cb292b43,train,1
1273,taco_001273.jpg,batch_7/000114.JPG,https://farm66.staticflickr.com/65535/47066877034_6fdbc4c882_o.png,https://farm66.staticflickr.com/65535/47066877034_dd3535e6ea_z.jpg,CC BY 4.0 (TACO default for missing image license),Drink can; Pop tab,640,480,aac216bf7e5d0ac72468711c50930a3fb5bfb3e665e0a9091519dd796c6118be,train,4
893,taco_000893.jpg,batch_4/000016.JPG,https://farm66.staticflickr.com/65535/47803886382_10cab8ea4d_o.png,https://farm66.staticflickr.com/65535/47803886382_336166c68b_z.jpg,CC BY 4.0 (TACO default for missing image license),Other plastic,640,480,24c8172aad44cf3f2886866c2fceeb7f1b9e721ff5cbfcebd873a3c5cb5af4f7,train,1
972,taco_000972.jpg,batch_5/000081.JPG,https://farm66.staticflickr.com/65535/40889536613_eb99c26016_o.png,https://farm66.staticflickr.com/65535/40889536613_399a1175ab_z.jpg,CC BY 4.0 (TACO default for missing image license),Scrap metal,480,640,047f304b9c445d82013d982642cbf7433b80990f3d32c44e7e1f3cf802974335,train,1
1142,taco_001142.jpg,batch_6/000035.JPG,https://farm66.staticflickr.com/65535/47856253311_62b9986f62_o.png,https://farm66.staticflickr.com/65535/47856253311_4bd639b728_z.jpg,CC BY 4.0 (TACO default for missing image license),Aluminium foil,480,640,39c51d3654e718d375bc5a9d4eebc16ea5dd62c3b323f1ea014dfeac706e896e,train,6
1021,taco_001021.jpg,batch_5/000004.JPG,https://farm66.staticflickr.com/65535/46939901135_bc26f1cbae_o.png,https://farm66.staticflickr.com/65535/46939901135_5ac7237594_z.jpg,CC BY 4.0 (TACO default for missing image license),Drink can; Other plastic wrapper; Pop tab,640,480,2404cf08888990aff18dc2ed6b70fdf1ffe4d7c7862adc823f84b2ba7acc6fa3,train,3
1177,taco_001177.jpg,batch_7/000004.JPG,https://farm66.staticflickr.com/65535/47856286691_1bc191644c_o.png,https://farm66.staticflickr.com/65535/47856286691_e7ac5cf4f0_z.jpg,CC BY 4.0 (TACO default for missing image license),Other plastic; Other plastic wrapper,640,427,d02fa59cabe2049188dc92c31085b72d77996658695778603a9d8c458e7b32e3,train,2
830,taco_000830.jpg,batch_3/IMG_4893.JPG,https://farm66.staticflickr.com/65535/40889171123_fe61c072bb_o.png,https://farm66.staticflickr.com/65535/40889171123_10e64645b2_z.jpg,CC BY 4.0 (TACO default for missing image license),Clear plastic bottle; Normal paper,480,640,9b8e032adff09951b5fad372ac24d6a56bde56beba2a4217cc936b68a36b17d0,train,2
704,taco_000704.jpg,batch_2/000022.JPG,https://farm66.staticflickr.com/65535/47855685701_5e54628b35_o.png,https://farm66.staticflickr.com/65535/47855685701_24692569de_z.jpg,CC BY 4.0 (TACO default for missing image license),Normal paper; Plastic bottle cap,480,640,af0fba31cb00cff349f8c12600096f7b8dc63f9f0d94cbc48f5da1ff57c06744,train,2
983,taco_000983.jpg,batch_5/000092.JPG,https://farm66.staticflickr.com/65535/46939881055_0ee475f3c0_o.png,https://farm66.staticflickr.com/65535/46939881055_a2cbf44f08_z.jpg,CC BY 4.0 (TACO default for missing image license),Other plastic; Paper bag,480,640,1dfb71dbbf969015f94e5899c51e1e133dfecf25789e1353519acbddfc3e582f,train,2
1052,taco_001052.jpg,batch_5/000036.JPG,https://farm66.staticflickr.com/65535/32912056417_027702d667_o.png,https://farm66.staticflickr.com/65535/32912056417_411eb22cf9_z.jpg,CC BY 4.0 (TACO default for missing image license),Drink can; Plastic film; Plastic lid,480,640,f0397fed2b2fe19c36c6c9d287ea4d5b060cf9bd6dc1ed7e636cdfa0f55bb6d1,train,5
722,taco_000722.jpg,batch_2/000042.JPG,https://farm66.staticflickr.com/65535/40889058283_5a60b778e8_o.png,https://farm66.staticflickr.com/65535/40889058283_2e117733c9_z.jpg,CC BY 4.0 (TACO default for missing image license),Drink can,480,640,0cd38aaee64fb885cf3d5ef0c055ccfa7d0aad9c4263bad16b3d4a20e9e98db5,train,1
770,taco_000770.jpg,batch_2/000093.JPG,https://farm66.staticflickr.com/65535/47855726521_bb919bf6f8_o.png,https://farm66.staticflickr.com/65535/47855726521_ce3ded3804_z.jpg,CC BY 4.0 (TACO default for missing image license),Plastic bottle cap,480,640,99e8708d67c67854f340f0cd9791692948903682c69f1d3a3903bd65ea7b41d2,train,1
799,taco_000799.jpg,batch_3/IMG_5049.JPG,https://farm66.staticflickr.com/65535/47803603292_8e853cffc2_o.png,https://farm66.staticflickr.com/65535/47803603292_6d6fec837e_z.jpg,CC BY 4.0 (TACO default for missing image license),Plastic film,480,640,44d8ae923768f582f0e96b3e304870c698c2628cc7c8afac93f5a356ffb4e830,train,1
864,taco_000864.jpg,batch_3/IMG_4950.JPG,https://farm66.staticflickr.com/65535/40889197533_32297fa4d0_o.png,https://farm66.staticflickr.com/65535/40889197533_1850d7b1dd_z.jpg,CC BY 4.0 (TACO default for missing image license),Plastic film; Tissues,601,640,e69ab0cc2952ccfd276a50a157db7bded8c4a435505d0f730794f761571f9b2b,train,3
721,taco_000721.jpg,batch_2/000041.JPG,https://farm66.staticflickr.com/65535/32911572207_74ebc2f2e2_o.png,https://farm66.staticflickr.com/65535/32911572207_75c8a864bb_z.jpg,CC BY 4.0 (TACO default for missing image license),Drink can; Pop tab,480,640,0f4993ff17ff96258311cf5f64c8be43036e50fd0142e7f60bf927e080093492,train,2
1212,taco_001212.jpg,batch_7/000048.JPG,https://farm66.staticflickr.com/65535/32912161537_3819808921_o.png,https://farm66.staticflickr.com/65535/32912161537_8319fa9e9d_z.jpg,CC BY 4.0 (TACO default for missing image license),Metal bottle cap; Normal paper; Styrofoam piece,480,640,aa32dbbcf635fd6df3bb8e57f7ede10e16f5267be37d1e4f8872bad3e1920c08,train,3
819,taco_000819.jpg,batch_3/IMG_4869.JPG,https://farm66.staticflickr.com/65535/32911670987_295dd6bd73_o.png,https://farm66.staticflickr.com/65535/32911670987_5171f72e9a_z.jpg,CC BY 4.0 (TACO default for missing image license),Plastic film,480,640,28a4d4c602e2694434346748438f5ddae5bcab728e90eb7bc78416a31d9e6c6e,train,1
1277,taco_001277.jpg,batch_7/000119.JPG,https://farm66.staticflickr.com/65535/46940074445_03d9a15940_o.png,https://farm66.staticflickr.com/65535/46940074445_bb72bddc98_z.jpg,CC BY 4.0 (TACO default for missing image license),Glass bottle,640,480,f4f835065fc5a465eb21551be6a56d70c9706f38f0df624bfa6a635323f384f0,train,1
1007,taco_001007.jpg,batch_5/000108.JPG,https://farm66.staticflickr.com/65535/47066706694_ce03313549_o.png,https://farm66.staticflickr.com/65535/47066706694_93b01b5108_z.jpg,CC BY 4.0 (TACO default for missing image license),Disposable plastic cup,480,640,00bb4905de71c019c2ea0e52b1763b9f8f1a099a86197fbb05fd853afb30dc92,train,1
97,taco_000097.jpg,batch_1/000124.JPG,https://farm66.staticflickr.com/65535/47066101104_7ee3d75591_o.png,https://farm66.staticflickr.com/65535/47066101104_0a84390b3e_z.jpg,CC BY 4.0 (TACO default for missing image license),Aluminium foil; Styrofoam piece,480,640,bc14efee71e5c5bf710f421af20740c7e74b3560bcc834112a38a6e7fd5cb311,train,3
748,taco_000748.jpg,batch_2/000071.JPG,https://farm66.staticflickr.com/65535/47855715381_9333869cc8_o.png,https://farm66.staticflickr.com/65535/47855715381_45f6ca2338_z.jpg,CC BY 4.0 (TACO default for missing image license),Plastic straw,480,640,758e989ea652b57c6530632cf7fbfa6368ca508bdcc0c6151525812dec964ed2,train,1
1026,taco_001026.jpg,batch_5/000009.JPG,https://farm66.staticflickr.com/65535/33978871568_ce1b0dcd4b_o.png,https://farm66.staticflickr.com/65535/33978871568_f07ef8a1b2_z.jpg,CC BY 4.0 (TACO default for missing image license),Plastic lid; Plastic straw,480,640,6a625cabe60c834c15408f4c3e7842635d0873e36b34d918d58b303f3c7f7442,train,3
837,taco_000837.jpg,batch_3/IMG_4911.JPG,https://farm66.staticflickr.com/65535/47066359864_d899a7b2ae_o.png,https://farm66.staticflickr.com/65535/47066359864_7d7febdd01_z.jpg,CC BY 4.0 (TACO default for missing image license),Plastic film,480,640,9eca6e254a697e760e5bca188b80f0715d6480d22b2db4504a59c2de0d36c0bd,train,1
1111,taco_001111.jpg,batch_6/000068.JPG,https://farm66.staticflickr.com/65535/47804024642_590ecdd2e6_o.png,https://farm66.staticflickr.com/65535/47804024642_b71dd9f76c_z.jpg,CC BY 4.0 (TACO default for missing image license),Other plastic wrapper; Paper bag; Plastic film; Plastic utensils; Pop tab,640,480,3ea2c0f345ab2dd09c9d96fb393207e7363644ca18b0f198d417583064ba0902,train,8
1027,taco_001027.jpg,batch_5/000010.JPG,https://farm66.staticflickr.com/65535/47856175311_b24692242a_o.png,https://farm66.staticflickr.com/65535/47856175311_18a8fa1758_z.jpg,CC BY 4.0 (TACO default for missing image license),Six pack rings,640,480,956924a5a25f01d7f38be2db69a355049118f4c506f5745f3c03da12df241338,train,1
694,taco_000694.jpg,batch_2/000010.JPG,https://farm66.staticflickr.com/65535/46939418515_e716753721_o.png,https://farm66.staticflickr.com/65535/46939418515_23a13ce8b0_z.jpg,CC BY 4.0 (TACO default for missing image license),Plastic film; Plastic lid,640,480,9a5ca18c9665e401f572ac4c4046a6b75847371ea675dec9837da7b63b4605a3,train,2
14,taco_000014.jpg,batch_1/000056.jpg,https://farm66.staticflickr.com/65535/47803337932_3b5ba10c22_o.png,https://farm66.staticflickr.com/65535/47803337932_f6a005f4c1_z.jpg,CC BY 4.0 (TACO default for missing image license),Other plastic bottle,480,640,4b3c96974f1abb921f5a603d214bac7a8d02f1dde412c06a43b39c41132d0f9a,train,1
693,taco_000693.jpg,batch_2/000009.JPG,https://farm66.staticflickr.com/65535/40889040103_a63b5f8f0b_o.png,https://farm66.staticflickr.com/65535/40889040103_7e1f9ca9f0_z.jpg,CC BY 4.0 (TACO default for missing image license),Paper straw; Plastic lid,480,640,d00a0fe46a0e3bbc89189a9483af5038d57b3dfe87c34cd458f22c8b4df2825c,train,3
1206,taco_001206.jpg,batch_7/000039.JPG,https://farm66.staticflickr.com/65535/47066840034_ee45b007ec_o.png,https://farm66.staticflickr.com/65535/47066840034_f460b7b7c4_z.jpg,CC BY 4.0 (TACO default for missing image license),Other plastic wrapper; Plastic film,480,640,80a597d290a33ff909b97ea45cf1ed46edfc8e35e07e25c805dcedc1320812d2,train,2
1138,taco_001138.jpg,batch_6/000039.JPG,https://farm66.staticflickr.com/65535/47804031902_dc4fe7b3f7_o.png,https://farm66.staticflickr.com/65535/47804031902_c56e408b34_z.jpg,CC BY 4.0 (TACO default for missing image license),Aluminium foil,640,480,78808bf254261cbd00457e7e54bbd5fa202b8aec2ab54a362474e859ef4a8ca7,train,2
1033,taco_001033.jpg,batch_5/000016.JPG,https://farm66.staticflickr.com/65535/33978879488_0055e88548_o.png,https://farm66.staticflickr.com/65535/33978879488_db6355dd21_z.jpg,CC BY 4.0 (TACO default for missing image license),Drink can; Pop tab,480,640,442042305066d1827451b34f8f8238f837f5677fd4b9e0da47676cbc19e60511,train,2
960,taco_000960.jpg,batch_4/000095.JPG,https://farm66.staticflickr.com/65535/33978821408_c2e9f8bf78_o.png,https://farm66.staticflickr.com/65535/33978821408_5a620f39ce_z.jpg,CC BY 4.0 (TACO default for missing image license),Plastic bottle cap,640,480,5440e734651e01a4652d7c611c0a260b29a48d7023b8ec8afe8748bd0b8465ff,train,1
924,taco_000924.jpg,batch_4/000054.JPG,https://farm66.staticflickr.com/65535/47066650354_3b1e9ab7d1_o.png,https://farm66.staticflickr.com/65535/47066650354_bfd7d5618c_z.jpg,CC BY 4.0 (TACO default for missing image license),Other plastic,640,480,c0b52d1dfe17431e9ff06081797349a7e94320f71829adef99eb40d6c449413e,train,3
1236,taco_001236.jpg,batch_7/000075.JPG,https://farm66.staticflickr.com/65535/47856319211_dc3a523be8_o.png,https://farm66.staticflickr.com/65535/47856319211_7a2b1c921f_z.jpg,CC BY 4.0 (TACO default for missing image license),Glass bottle,640,480,36d893babecf56f663d396208d3b01ed530a15de3d27a17be3242adc2bcfee6b,train,1
62,taco_000062.jpg,batch_1/000083.JPG,https://farm66.staticflickr.com/65535/33978218448_5ac8d8f9cb_o.png,https://farm66.staticflickr.com/65535/33978218448_7fa1103785_z.jpg,CC BY 4.0 (TACO default for missing image license),Plastic lid,480,640,6adc4a9a08303e4aa05bf7f858466f3a69c3782ac8a1826f8d7f2d7e6c5fab00,train,1
1156,taco_001156.jpg,batch_6/000020.JPG,https://farm66.staticflickr.com/65535/40889635963_0d1690e9e2_o.png,https://farm66.staticflickr.com/65535/40889635963_83ae6d18f3_z.jpg,CC BY 4.0 (TACO default for missing image license),Other plastic wrapper,480,640,6143a988c32f3da64a2bf7d51b1e4b502752ec87dd3a683ce048e613a8aa5feb,train,1
997,taco_000997.jpg,batch_5/000068.JPG,https://farm66.staticflickr.com/65535/33978859878_b20b4bf505_o.png,https://farm66.staticflickr.com/65535/33978859878_08e5dc686c_z.jpg,CC BY 4.0 (TACO default for missing image license),Corrugated carton,480,640,45340264992ab15960d45aca64311d53269662022c0a1c73d6f9c5f3ed45adbb,train,1
23,taco_000023.jpg,batch_1/000054.jpg,https://farm66.staticflickr.com/65535/47803340592_7e869ae7eb_o.png,https://farm66.staticflickr.com/65535/47803340592_325dd423bc_z.jpg,CC BY 4.0 (TACO default for missing image license),Other plastic bottle; Plastic bottle cap,480,640,58327e4b13a242609a2d41259f567a33477e7e440779ce9417e8a433cd356f5b,train,3
1063,taco_001063.jpg,batch_5/000048.JPG,https://farm66.staticflickr.com/65535/47856199371_48c343a856_o.png,https://farm66.staticflickr.com/65535/47856199371_7c8435960f_z.jpg,CC BY 4.0 (TACO default for missing image license),Clear plastic bottle,480,640,ba1683c6287781c04f932d9b5fc19e42b7b04804629cbbbd350f7faff39bd39d,train,1
807,taco_000807.jpg,batch_3/IMG_5057.JPG,https://farm66.staticflickr.com/65535/32911663797_dda2faec9a_o.png,https://farm66.staticflickr.com/65535/32911663797_5cfac32164_z.jpg,CC BY 4.0 (TACO default for missing image license),Drink can,480,640,7b7f4db5a207a78fca3f60108293302453d80c31cf286a2ea774b99ed26d197a,train,1
773,taco_000773.jpg,batch_2/000096.JPG,https://farm66.staticflickr.com/65535/46939455235_a08e03df35_o.png,https://farm66.staticflickr.com/65535/46939455235_91a4a79623_z.jpg,CC BY 4.0 (TACO default for missing image license),Plastic film,640,480,55f28a76bfd658a11f8eca31e61137aefd81436cfb725e26a9c8b55bbdc5f4cb,train,1
76,taco_000076.jpg,batch_1/000098.JPG,https://farm66.staticflickr.com/65535/32911423797_951996353b_o.png,https://farm66.staticflickr.com/65535/32911423797_5691c8704c_z.jpg,CC BY 4.0 (TACO default for missing image license),Clear plastic bottle; Metal bottle cap; Other plastic wrapper; Plastic bottle cap; Pop tab,480,640,15334ddba3a0711bf28beee9ff93872498cb6c8de6ba435fabe91681b81739d2,train,5
849,taco_000849.jpg,batch_3/IMG_4932.JPG,https://farm66.staticflickr.com/65535/33978469458_a0dee6d229_o.png,https://farm66.staticflickr.com/65535/33978469458_f1381b827b_z.jpg,CC BY 4.0 (TACO default for missing image license),Clear plastic bottle,480,640,1c71f4cad8c74e3e97979f4bd73b581d1fbadc43bd28d3a501f9f80aeb417cf0,train,1
89,taco_000089.jpg,batch_1/000115.JPG,https://farm66.staticflickr.com/65535/47855540001_6b8eae64ab_o.png,https://farm66.staticflickr.com/65535/47855540001_64a57612f2_z.jpg,CC BY 4.0 (TACO default for missing image license),Clear plastic bottle; Drink can; Normal paper; Plastic bottle cap,640,480,4844d24e10509d7af20a1d9597cc5d05b941d334fa779acf70af324415be84c8,train,4
939,taco_000939.jpg,batch_4/000071.JPG,https://farm66.staticflickr.com/65535/33978806938_4f8d3bd92d_o.png,https://farm66.staticflickr.com/65535/33978806938_8663358fe6_z.jpg,CC BY 4.0 (TACO default for missing image license),Tissues,640,480,c50cabbe6b367db3ffe19beb6153e7b1736f3a5a5cfa9ddcb047e3176b7ed8c5,train,1
1231,taco_001231.jpg,batch_7/000069.JPG,https://farm66.staticflickr.com/65535/32912176267_b3491a2b4b_o.png,https://farm66.staticflickr.com/65535/32912176267_60d6e65e64_z.jpg,CC BY 4.0 (TACO default for missing image license),Plastic film,480,640,814cc7f07c8ccdd74aa57a3a328380890aa7a94d12b145fe8cff09b45f936995,train,1
21,taco_000021.jpg,batch_1/000043.jpg,https://farm66.staticflickr.com/65535/47855508711_22405cc468_o.png,https://farm66.staticflickr.com/65535/47855508711_00281dffb0_z.jpg,CC BY 4.0 (TACO default for missing image license),Food Can; Pop tab,640,480,c2d6ebe98cc98b672a2a6367ef651d7f395cf62be42adda6daef4829bca3bcb2,train,2
915,taco_000915.jpg,batch_4/000045.JPG,https://farm66.staticflickr.com/65535/47066643124_9dbf34be52_o.png,https://farm66.staticflickr.com/65535/47066643124_b04c344c52_z.jpg,CC BY 4.0 (TACO default for missing image license),Plastic film; Plastic straw,640,480,ab40d1ddf2170de93e9a12fc897ab64cfd083602bc604a534e68ac39b1c48cc4,train,3
90,taco_000090.jpg,batch_1/000117.JPG,https://farm66.staticflickr.com/65535/40888917783_596fe7cc03_o.png,https://farm66.staticflickr.com/65535/40888917783_20df833f07_z.jpg,CC BY 4.0 (TACO default for missing image license),Normal paper; Plastic lid,480,640,89184c54903289fba8d5933bf5cdca57f96d64281f76fbce9cfd4080d308876b,train,2
1001,taco_001001.jpg,batch_5/000102.JPG,https://farm66.staticflickr.com/65535/40889560513_1ae3cbeca9_o.png,https://farm66.staticflickr.com/65535/40889560513_9dfd574697_z.jpg,CC BY 4.0 (TACO default for missing image license),Plastic straw,640,480,7c4e7afb96481b2930577f009cc0f59bcae73655042583c81b56a96fee33eaec,train,1
43,taco_000043.jpg,batch_1/000035.jpg,https://farm66.staticflickr.com/65535/46939259475_207412b566_o.png,https://farm66.staticflickr.com/65535/46939259475_1189aa9f45_z.jpg,CC BY 4.0 (TACO default for missing image license),Glass cup; Other plastic bottle,480,640,fc3b07d94f7689675c2445686555c9bdbe0816c943e1b3495e05e24fa88e1370,train,3
1243,taco_001243.jpg,batch_7/000082.JPG,https://farm66.staticflickr.com/65535/32912187717_6b2473c4ea_o.png,https://farm66.staticflickr.com/65535/32912187717_3eb29d3680_z.jpg,CC BY 4.0 (TACO default for missing image license),Clear plastic bottle,640,480,dfaf156e71df251bf891b4be857d5837a1d24aeccc948b880eadabafc33e2d84,train,1
1009,taco_001009.jpg,batch_5/000110.JPG,https://farm66.staticflickr.com/65535/40889564153_9aa3f7cd6f_o.png,https://farm66.staticflickr.com/65535/40889564153_dca07f1444_z.jpg,CC BY 4.0 (TACO default for missing image license),Plastic film,640,480,e40f1f20e3ea9ea8f348422e29fbbf8d6e874b5d86c41e505c651851049b3d68,train,1
920,taco_000920.jpg,batch_4/000050.JPG,https://farm66.staticflickr.com/65535/47066647264_c1561948ae_o.png,https://farm66.staticflickr.com/65535/47066647264_674b772d9a_z.jpg,CC BY 4.0 (TACO default for missing image license),Aluminium foil,480,640,73e1060ddd5b899c79834b515500b2117f851b8e17af04b12991189eff1135a4,train,1
855,taco_000855.jpg,batch_3/IMG_4963.JPG,https://farm66.staticflickr.com/65535/46939534205_5b75702eeb_o.png,https://farm66.staticflickr.com/65535/46939534205_d1baef7be2_z.jpg,CC BY 4.0 (TACO default for missing image license),Clear plastic bottle,640,480,00dfb640d1f4a9ffc98f04182a33eef89e03a7bfbd56be68567754fc428baf79,train,1
1029,taco_001029.jpg,batch_5/000012.JPG,https://farm66.staticflickr.com/65535/32912038327_42b66c91e7_o.png,https://farm66.staticflickr.com/65535/32912038327_a4e27c6b98_z.jpg,CC BY 4.0 (TACO default for missing image license),Drink can; Other plastic wrapper; Pop tab,480,640,919bf6bc0379a1531adc3a2e4c691605f9b2b38a3500bd76721a1f240df81c3c,train,7
1196,taco_001196.jpg,batch_7/000025.JPG,https://farm66.staticflickr.com/65535/40889664623_86556a9660_o.png,https://farm66.staticflickr.com/65535/40889664623_80b93a392b_z.jpg,CC BY 4.0 (TACO default for missing image license),Drink can; Pop tab,640,480,ba9186d87b15ced30bd6d6d17a73fc1474e32fdd0b5b9b9ee882bd06feb576c3,train,2
970,taco_000970.jpg,batch_5/000119.JPG,https://farm66.staticflickr.com/65535/32912017357_d5ff7332d6_o.png,https://farm66.staticflickr.com/65535/32912017357_153be3e908_z.jpg,CC BY 4.0 (TACO default for missing image license),Other plastic,640,480,fb481a00c0571a86282e3bc4c96dd5a7bb09ef3e0ada7e4a64cbdc239e7e93eb,train,1
77,taco_000077.jpg,batch_1/000099.JPG,https://farm66.staticflickr.com/65535/33978227058_afb4031bde_o.png,https://farm66.staticflickr.com/65535/33978227058_6fba616329_z.jpg,CC BY 4.0 (TACO default for missing image license),Plastic lid; Six pack rings,480,640,11c524a90bce6beb80cb45796e718747ea7c67a7c83771a9badd547bff7557da,train,2
1247,taco_001247.jpg,batch_7/000086.JPG,https://farm66.staticflickr.com/65535/32912192167_c4327debfc_o.png,https://farm66.staticflickr.com/65535/32912192167_73845a34bd_z.jpg,CC BY 4.0 (TACO default for missing image license),Metal bottle cap; Normal paper,480,640,5c61357a2514b32fd2ddf0c38174f9436ac4e5317e3e5d6cfa1d5a0422e45e31,train,2
2,taco_000002.jpg,batch_1/000010.jpg,https://farm66.staticflickr.com/65535/40888872753_08ffb24902_o.png,https://farm66.staticflickr.com/65535/40888872753_631ab0f441_z.jpg,CC BY 4.0 (TACO default for missing image license),Clear plastic bottle; Plastic bottle cap,480,640,7c7311944d812ff4d5acc335510c6a3ff4cc5cfcc8ddb32f5deaa0b88ceec219,train,2
753,taco_000753.jpg,batch_2/000076.JPG,https://farm66.staticflickr.com/65535/40889079733_96b68dc02a_o.png,https://farm66.staticflickr.com/65535/40889079733_664fcc767c_z.jpg,CC BY 4.0 (TACO default for missing image license),Clear plastic bottle; Metal bottle cap,640,480,8e1251fa3cdbc77fde686817884bb98aad93c10d3f9b99a71a5c2b53f995e4bd,train,2
845,taco_000845.jpg,batch_3/IMG_4922.JPG,https://farm66.staticflickr.com/65535/32911699207_5cbaebc862_o.png,https://farm66.staticflickr.com/65535/32911699207_272490afe2_z.jpg,CC BY 4.0 (TACO default for missing image license),Disposable plastic cup; Paper straw,480,640,09eeec4c08f1ccdd4b2f01816090c79f134ff4f3e79e9321a135007a3874b997,train,2
1128,taco_001128.jpg,batch_6/000050.JPG,https://farm66.staticflickr.com/65535/47066787524_f5b66aa2ba_o.png,https://farm66.staticflickr.com/65535/47066787524_92a9022f9d_z.jpg,CC BY 4.0 (TACO default for missing image license),Other plastic,480,640,5118d56fc2e358e7b20c9cdd1f20ca621f91fbbfa42668ebf99e256a1afe9d82,train,1
55,taco_000055.jpg,batch_1/000073.JPG,https://farm66.staticflickr.com/65535/46939264945_05393214bd_o.png,https://farm66.staticflickr.com/65535/46939264945_f7059993cd_z.jpg,CC BY 4.0 (TACO default for missing image license),Drink can,480,640,f3e5d4687f3d0e3152f102c7f783e1218bf897f7f1960ea02b94f1a219229a45,train,1
31,taco_000031.jpg,batch_1/000030.jpg,https://farm66.staticflickr.com/65535/47803342522_5c60c6c4e0_o.png,https://farm66.staticflickr.com/65535/47803342522_ee56b5ffc7_z.jpg,CC BY 4.0 (TACO default for missing image license),Drink can,480,640,f35afc63c2dbf44aecea793b1d13bf45955c026279bd712ae585043a069bdf5a,train,1
737,taco_000737.jpg,batch_2/000059.JPG,https://farm66.staticflickr.com/65535/32911587657_1d6ed30260_o.png,https://farm66.staticflickr.com/65535/32911587657_77f0594759_z.jpg,CC BY 4.0 (TACO default for missing image license),Disposable plastic cup; Normal paper; Other plastic,480,640,a75b3f70c1306ab4b0d357a28584de36f003ecb3a9a039a5a20793a936c61d16,train,4
891,taco_000891.jpg,batch_4/000014.JPG,https://farm66.staticflickr.com/65535/40889460883_910b5b99fa_o.png,https://farm66.staticflickr.com/65535/40889460883_c1b83c37c6_z.jpg,CC BY 4.0 (TACO default for missing image license),Other plastic; Plastic bottle cap,480,640,72543eaca6f3064860b4e370a510002769da78e87319f6b67fec23be3916e73c,train,2
1146,taco_001146.jpg,batch_6/000031.JPG,https://farm66.staticflickr.com/65535/47066796004_01600acd87_o.png,https://farm66.staticflickr.com/65535/47066796004_8f22c4f60c_z.jpg,CC BY 4.0 (TACO default for missing image license),Other plastic,480,640,6af2b0b7b6b529be01923e3a854bd102dd6fc15f05e8bb364851d3dc5e45e2cc,train,1
1098,taco_001098.jpg,batch_6/000082.JPG,https://farm66.staticflickr.com/65535/46939963045_7211eea09b_o.png,https://farm66.staticflickr.com/65535/46939963045_00b9611ef6_z.jpg,CC BY 4.0 (TACO default for missing image license),Drink can; Plastic film,640,480,bd418b420ce27183de4235fbb6e628687a13ad2ac13a4283ccf99df1480e9610,train,2
967,taco_000967.jpg,batch_5/000074.JPG,https://farm66.staticflickr.com/65535/40889532723_7a0224fa2e_o.png,https://farm66.staticflickr.com/65535/40889532723_55950c0be6_z.jpg,CC BY 4.0 (TACO default for missing image license),Plastic straw,480,640,c0f1427a75d9f3b755d5714d6ae29bc2cf989b5e5b78495e1ebb233394fe0d37,train,1
999,taco_000999.jpg,batch_5/000070.JPG,https://farm66.staticflickr.com/65535/47803953922_afbf48b53a_o.png,https://farm66.staticflickr.com/65535/47803953922_ba484afb12_z.jpg,CC BY 4.0 (TACO default for missing image license),Clear plastic bottle,480,640,4db0319206be34a7debf908b6b47735c003055ede35322d316b3ab72ed6759bd,train,1
794,taco_000794.jpg,batch_3/IMG_5043.JPG,https://farm66.staticflickr.com/65535/47066317984_1647e2200f_o.png,https://farm66.staticflickr.com/65535/47066317984_3a3b86a086_z.jpg,CC BY 4.0 (TACO default for missing image license),Clear plastic bottle,480,640,d2d80b0388071d73f4e9fdf68e5990e2979d08f95e60e1b2ce72411c4c16e8b2,train,1
1016,taco_001016.jpg,batch_5/000117.JPG,https://farm66.staticflickr.com/65535/46939897105_388a7a223a_o.png,https://farm66.staticflickr.com/65535/46939897105_e46d2ff499_z.jpg,CC BY 4.0 (TACO default for missing image license),Normal paper,640,480,0ffe8a023d4526a9a63b5e706653c295fa2a234d52f990beb9e9aa333c5a7525,train,1
951,taco_000951.jpg,batch_4/000085.JPG,https://farm66.staticflickr.com/65535/46939847035_bd5cfaec87_o.png,https://farm66.staticflickr.com/65535/46939847035_ae15b493a0_z.jpg,CC BY 4.0 (TACO default for missing image license),Drink can,640,480,9918ef51471fdadeace964c7e481ddaa74dbdee4c3f0c59b5bff09ce28666265,train,1
756,taco_000756.jpg,batch_2/000080.JPG,https://farm66.staticflickr.com/65535/47803543742_5b8db45822_o.png,https://farm66.staticflickr.com/65535/47803543742_ba3bc4baa8_z.jpg,CC BY 4.0 (TACO default for missing image license),Drink can,480,640,f42a7670211e2285e3d0fae892918997743ad01ff1ab3ff4daf4ddfc174cd6f3,train,1
95,taco_000095.jpg,batch_1/000122.JPG,https://farm66.staticflickr.com/65535/46939286705_dee200d5f2_o.png,https://farm66.staticflickr.com/65535/46939286705_9e6c0203d9_z.jpg,CC BY 4.0 (TACO default for missing image license),Metal bottle cap,480,640,6c6fcc6604766138b4fba7d3a3f2756abf359c0e9f573a7a0724c4e1778e8402,train,1
1154,taco_001154.jpg,batch_6/000022.JPG,https://farm66.staticflickr.com/65535/47066800644_6d005deb0a_o.png,https://farm66.staticflickr.com/65535/47066800644_9f7031f16d_z.jpg,CC BY 4.0 (TACO default for missing image license),Aluminium foil; Paper bag,480,640,bbf18341c7eb2eef584703acb23a04e4d7fedea001c51808fd23fa58b9cef855,train,7
1030,taco_001030.jpg,batch_5/000013.JPG,https://farm66.staticflickr.com/65535/33978875618_da0fbde399_o.png,https://farm66.staticflickr.com/65535/33978875618_16571b9eef_z.jpg,CC BY 4.0 (TACO default for missing image license),Drink can,480,640,e5eb7f1d17d71c4870157013c5c00c81685af4df13fcbc0625316a7c74bd0d21,train,1
64,taco_000064.jpg,batch_1/000085.JPG,https://farm66.staticflickr.com/65535/47066083354_b7e8968056_o.png,https://farm66.staticflickr.com/65535/47066083354_f2bfb321ce_z.jpg,CC BY 4.0 (TACO default for missing image license),Broken glass; Plastic straw,480,640,049fe2cb7ae43ae39425c07567964b8d89cf7e744259e0a3b547a53373aa6cfd,train,3
1122,taco_001122.jpg,batch_6/000055.JPG,https://farm66.staticflickr.com/65535/47066784304_0f0a296011_o.png,https://farm66.staticflickr.com/65535/47066784304_a863173706_z.jpg,CC BY 4.0 (TACO default for missing image license),Clear plastic bottle; Glass bottle; Other plastic wrapper,640,480,57a12bce46ec327ae3459046134a1ad69970081babf1eba2c40911cb136aa2f3,train,4
1182,taco_001182.jpg,batch_7/000011.JPG,https://farm66.staticflickr.com/65535/32912148517_163f3d6451_o.png,https://farm66.staticflickr.com/65535/32912148517_88d8c4d489_z.jpg,CC BY 4.0 (TACO default for missing image license),Drink can,640,427,c89fdfb04783373d2fd9b0f9e10dd1fb475da717f03662a57c26100ec7eede3a,train,1
1114,taco_001114.jpg,batch_6/000064.JPG,https://farm66.staticflickr.com/65535/46939973065_7070d3d15f_o.png,https://farm66.staticflickr.com/65535/46939973065_d886f1b552_z.jpg,CC BY 4.0 (TACO default for missing image license),Plastic bottle cap; Tupperware,640,480,7e8ebc30b756c4ba8e2bc9314f9be688279a976cf1af824ef74339792de3ffbe,train,2
63,taco_000063.jpg,batch_1/000084.JPG,https://farm66.staticflickr.com/65535/40888905013_8b20479481_o.png,https://farm66.staticflickr.com/65535/40888905013_469a0afb11_z.jpg,CC BY 4.0 (TACO default for missing image license),Disposable plastic cup; Drink can; Plastic lid,480,640,3a8e7e75a410ca7b955b72038015c165d0c9e5ef685af363b5c9eb9e1b72f511,train,4
985,taco_000985.jpg,batch_5/000094.JPG,https://farm66.staticflickr.com/65535/33978858348_0a7151dd69_o.png,https://farm66.staticflickr.com/65535/33978858348_139b888292_z.jpg,CC BY 4.0 (TACO default for missing image license),Plastic bottle cap; Styrofoam piece,640,480,87a8e7af47d0f7b9cf7cb7dbcc2b0c59b0e0dd4013887bf8fdc27791930d57de,train,2
1180,taco_001180.jpg,batch_7/000008.JPG,https://farm66.staticflickr.com/65535/47066829914_ea89ccf797_o.png,https://farm66.staticflickr.com/65535/47066829914_d7c4e39ebb_z.jpg,CC BY 4.0 (TACO default for missing image license),Plastic utensils,640,427,6598475ba19b1593f9dac6022d664c073b5aec68e592435fb01f6515610e9cfb,train,1
767,taco_000767.jpg,batch_2/000090.JPG,https://farm66.staticflickr.com/65535/47803550992_b42948d081_o.png,https://farm66.staticflickr.com/65535/47803550992_fe69288fc6_z.jpg,CC BY 4.0 (TACO default for missing image license),Plastic film,640,480,2f9674f56cf4a4dd7dbf3ce73d6fce26beed77d0954a0ad251c3ed8e8afbb049,train,1
1078,taco_001078.jpg,batch_6/000103.JPG,https://farm66.staticflickr.com/65535/47066763314_67056fd24f_o.png,https://farm66.staticflickr.com/65535/47066763314_4e979ec844_z.jpg,CC BY 4.0 (TACO default for missing image license),Clear plastic bottle; Plastic bottle cap,640,480,006cf5e43995cd94b309745bd9878513feac261158292e35b6e9222ee42d1485,train,2
987,taco_000987.jpg,batch_5/000096.JPG,https://farm66.staticflickr.com/65535/47066694544_a72c3c22e4_o.png,https://farm66.staticflickr.com/65535/47066694544_b4b395b013_z.jpg,CC BY 4.0 (TACO default for missing image license),Disposable plastic cup,640,480,878265d9bc7c8a4c2d7ed86aecd0608059f875979599db5609c548751ff42f10,train,1
904,taco_000904.jpg,batch_4/000029.JPG,https://farm66.staticflickr.com/65535/47066635224_1ff6c0018f_o.png,https://farm66.staticflickr.com/65535/47066635224_efe65c644a_z.jpg,CC BY 4.0 (TACO default for missing image license),Other plastic; Plastic film,640,480,8cc4882c769fe41743bdd81d88408b20716ea47f12a5631d139ae38b3b585fa1,train,4
980,taco_000980.jpg,batch_5/000089.JPG,https://farm66.staticflickr.com/65535/32912023027_2fc136fb2b_o.png,https://farm66.staticflickr.com/65535/32912023027_0e7765b0e2_z.jpg,CC BY 4.0 (TACO default for missing image license),Styrofoam piece,640,480,9643548d510a3e963999ba2c31f80809f6b08829e41f90007a33de8a69c4a46b,train,1
1211,taco_001211.jpg,batch_7/000047.JPG,https://farm66.staticflickr.com/65535/47066843964_43fa166949_o.png,https://farm66.staticflickr.com/65535/47066843964_972b117f1b_z.jpg,CC BY 4.0 (TACO default for missing image license),Glass bottle; Normal paper,480,640,e30a277a297d035af8b9231048e883cde88d7a23048ef1c9d5aaddf0227b4078,train,3
768,taco_000768.jpg,batch_2/000091.JPG,https://farm66.staticflickr.com/65535/32911604417_0e6d083ba4_o.png,https://farm66.staticflickr.com/65535/32911604417_5f4b0fa0ff_z.jpg,CC BY 4.0 (TACO default for missing image license),Other plastic wrapper,640,480,ae19ba510b85896bf4040a1635edf8fdd00d78218adf59e9f412968ba47d162b,train,1
1008,taco_001008.jpg,batch_5/000120.JPG,https://farm66.staticflickr.com/65535/47803956702_049aef9bc7_o.png,https://farm66.staticflickr.com/65535/47803956702_6453819670_z.jpg,CC BY 4.0 (TACO default for missing image license),Disposable plastic cup; Glass bottle,480,640,3b2a54c8079a13d800ebd70858bcea4551d9d493cd63ec305b2c3bba8276813a,train,3
914,taco_000914.jpg,batch_4/000043.JPG,https://farm66.staticflickr.com/65535/47066641944_b6227407d1_o.png,https://farm66.staticflickr.com/65535/47066641944_90556fbc4c_z.jpg,CC BY 4.0 (TACO default for missing image license),Plastic straw,480,640,2b1296026d5cde202614b2b0191643928b5e418583b0a5587f9ba352c12e1ef8,train,1
1087,taco_001087.jpg,batch_6/000094.JPG,https://farm66.staticflickr.com/65535/47066768204_10f66f02f3_o.png,https://farm66.staticflickr.com/65535/47066768204_8feb53f32d_z.jpg,CC BY 4.0 (TACO default for missing image license),Plastic film,480,640,badf7d1e7e763f1cc1c1323b89c1205abe926133855af7bb7eda77d3fae84fed,train,1
758,taco_000758.jpg,batch_2/000082.JPG,https://farm66.staticflickr.com/65535/33978381248_30198c2efc_o.png,https://farm66.staticflickr.com/65535/33978381248_76b4f9bf66_z.jpg,CC BY 4.0 (TACO default for missing image license),Glass bottle; Plastic film,480,640,1337fccce5f4cb096f78229610fb0c3ae5b353b2b4a1fd4aee45747047ebce57,train,4
733,taco_000733.jpg,batch_2/000055.JPG,https://farm66.staticflickr.com/65535/47855708551_d34ef0f3da_o.png,https://farm66.staticflickr.com/65535/47855708551_384ed1c1ef_z.jpg,CC BY 4.0 (TACO default for missing image license),Plastic lid,480,640,50ce656a8a2afdc036bc0a7a7b892c85ee76793232a9c6d850894427bed2a614,train,1
1116,taco_001116.jpg,batch_6/000062.JPG,https://farm66.staticflickr.com/65535/40889616963_04d6126223_o.png,https://farm66.staticflickr.com/65535/40889616963_0e0865885a_z.jpg,CC BY 4.0 (TACO default for missing image license),Plastic film,640,480,ebb7385553e875422a92f798aa2a4bfadee216caef2127426a49419f4f4101b8,train,1
40,taco_000040.jpg,batch_1/000017.jpg,https://farm66.staticflickr.com/65535/47066072084_a009ce5de2_o.png,https://farm66.staticflickr.com/65535/47066072084_c282c2a55d_z.jpg,CC BY 4.0 (TACO default for missing image license),Glass bottle,480,640,e09dd3a8952b07ada32cd8d78cca8f3488208c670c8eccdba87dcb72091a0746,train,1
1118,taco_001118.jpg,batch_6/000060.JPG,https://farm66.staticflickr.com/65535/47856242471_a911544457_o.png,https://farm66.staticflickr.com/65535/47856242471_ce69b661b4_z.jpg,CC BY 4.0 (TACO default for missing image license),Clear plastic bottle,480,640,79929d640dc78ddbb3ae06113f06ce9952d99ab593bfd3156ecb56d23a79e3a5,train,1
1148,taco_001148.jpg,batch_6/000028.JPG,https://farm66.staticflickr.com/65535/46939986275_49e68c07b8_o.png,https://farm66.staticflickr.com/65535/46939986275_669308a520_z.jpg,CC BY 4.0 (TACO default for missing image license),Drink can,480,640,7bb9481dab1b3afe3aa5771e858b16fa7932ba4cd0e7ef390bbe76ee8632a98f,train,1
80,taco_000080.jpg,batch_1/000101.JPG,https://farm66.staticflickr.com/65535/33978228348_106f1757ba_o.png,https://farm66.staticflickr.com/65535/33978228348_a10e4aa2d9_z.jpg,CC BY 4.0 (TACO default for missing image license),Glass cup; Paper straw,480,640,e6163535cda6c382ec2a261f46984f5b59d2a6d8df2c0e2c3ccc624a73be554d,train,2
1292,taco_001292.jpg,batch_7/000135.JPG,https://farm66.staticflickr.com/65535/33979041238_6ae1947d59_o.png,https://farm66.staticflickr.com/65535/33979041238_57544f60b4_z.jpg,CC BY 4.0 (TACO default for missing image license),Clear plastic bottle,640,480,e588db5bea97b5c6626d70ace1b1aeccd612608b291133d6d6b8334f0a624bd4,train,1
717,taco_000717.jpg,batch_2/000037.JPG,https://farm66.staticflickr.com/65535/47066245974_0e67b26327_o.png,https://farm66.staticflickr.com/65535/47066245974_734458aa67_z.jpg,CC BY 4.0 (TACO default for missing image license),Clear plastic bottle,480,640,66dc92369fb3e26f2952222f1416978d7ff8615761d366497ab8ffca6a200043,train,1
910,taco_000910.jpg,batch_4/000039.JPG,https://farm66.staticflickr.com/65535/47803899312_145ed690c7_o.png,https://farm66.staticflickr.com/65535/47803899312_91046bb18b_z.jpg,CC BY 4.0 (TACO default for missing image license),Disposable plastic cup,640,480,d1ccfaf6106219e157c053a2edab53b05dad93129ce16b94a66c8be92a5c585e,train,1
42,taco_000042.jpg,batch_1/000029.jpg,https://farm66.staticflickr.com/65535/32911404057_b139c11643_o.png,https://farm66.staticflickr.com/65535/32911404057_297c502eef_z.jpg,CC BY 4.0 (TACO default for missing image license),Drink can,480,640,6901a9d91239d34bac38b87d2c13fe6883c461db5b6487f13735b331d488cb08,train,1
1137,taco_001137.jpg,batch_6/000040.JPG,https://farm66.staticflickr.com/65535/32912121107_06ed3f85f8_o.png,https://farm66.staticflickr.com/65535/32912121107_816b9c475d_z.jpg,CC BY 4.0 (TACO default for missing image license),Drink can,640,480,930756ee6355b6191f6fba0dd01314f76621fc080aa3e7543362c3bebb3abf39,train,1
11,taco_000011.jpg,batch_1/000014.jpg,https://farm66.staticflickr.com/65535/47066066634_c50443ca0c_o.png,https://farm66.staticflickr.com/65535/47066066634_60a4f44241_z.jpg,CC BY 4.0 (TACO default for missing image license),Drink can; Other plastic; Plastic film; Styrofoam piece,480,640,7309da9aee21f14cce6487d120638f60a4ea60d125cb096e32db5c3d2baee1b8,train,5
88,taco_000088.jpg,batch_1/000111.JPG,https://farm66.staticflickr.com/65535/33978232418_38c8bd3546_o.png,https://farm66.staticflickr.com/65535/33978232418_acc781ccb9_z.jpg,CC BY 4.0 (TACO default for missing image license),Drink can,480,640,7906c600555d3621ca3deba072fe951df7867cb8e5cbeb60d3f4dabd32ffe94f,train,2
1203,taco_001203.jpg,batch_7/000036.JPG,https://farm66.staticflickr.com/65535/40889669113_39368f357f_o.png,https://farm66.staticflickr.com/65535/40889669113_5b2b85c6f0_z.jpg,CC BY 4.0 (TACO default for missing image license),Food Can; Other plastic; Plastic film; Plastic straw; Single-use carrier bag,640,480,ed30e5bf5a1e45e904e8b349a5072db2cfd071949668dcd5217665a280d026cf,train,6
949,taco_000949.jpg,batch_4/000083.JPG,https://farm66.staticflickr.com/65535/47803916682_77cfaee5c8_o.png,https://farm66.staticflickr.com/65535/47803916682_f54c6d8a2c_z.jpg,CC BY 4.0 (TACO default for missing image license),Styrofoam piece,640,480,081c6a292617438e565594c254fa0fb891faf31917ed1ecbd46d3e8f063e7e53,train,1
1061,taco_001061.jpg,batch_5/000046.JPG,https://farm66.staticflickr.com/65535/46939925425_ce20b9cd82_o.png,https://farm66.staticflickr.com/65535/46939925425_ac4fdc895a_z.jpg,CC BY 4.0 (TACO default for missing image license),Food Can,480,640,3e8de3ac06960825ba2bdb9a833605e52cd44123246c55d6b87f0514d0a7e351,train,1
1235,taco_001235.jpg,batch_7/000073.JPG,https://farm66.staticflickr.com/65535/47804078612_5d6bd587e1_o.png,https://farm66.staticflickr.com/65535/47804078612_bb456af7d9_z.jpg,CC BY 4.0 (TACO default for missing image license),Plastic bottle cap,480,640,05bd924d1d49eb915598a29414d36298d606c9a3d937ecc2ef28058d1792a287,train,1
876,taco_000876.jpg,batch_4/000067.JPG,https://farm66.staticflickr.com/65535/33978762598_af11912a11_o.png,https://farm66.staticflickr.com/65535/33978762598_f2860d4275_z.jpg,CC BY 4.0 (TACO default for missing image license),Plastic straw,640,480,af67e4ca756e10d5469c06ac67bd12da3cdc02823da2a191e9f7066932fad77d,train,1
1224,taco_001224.jpg,batch_7/000062.JPG,https://farm66.staticflickr.com/65535/32912172357_8bf4eb3336_o.png,https://farm66.staticflickr.com/65535/32912172357_52234ef186_z.jpg,CC BY 4.0 (TACO default for missing image license),Clear plastic bottle; Other plastic wrapper; Plastic bottle cap; Plastic film,480,640,e1638a1e86b2ecfa8a88622e0616293e9f12e8337bb560f4b0ff3eeb3d899c7e,train,8
835,taco_000835.jpg,batch_3/IMG_4902.JPG,https://farm66.staticflickr.com/65535/46939522685_8296acd466_o.png,https://farm66.staticflickr.com/65535/46939522685_dd9b13b009_z.jpg,CC BY 4.0 (TACO default for missing image license),Plastic film,480,640,3e5d3ffa577be012eb4bc0429ed756ed948df92613f809659990c435ecfbef8f,train,2
966,taco_000966.jpg,batch_5/000073.JPG,https://farm66.staticflickr.com/65535/32912014107_7e5ce18da0_o.png,https://farm66.staticflickr.com/65535/32912014107_8bdcf523d4_z.jpg,CC BY 4.0 (TACO default for missing image license),Drink can; Metal bottle cap; Plastic straw,480,640,a9ba73ef35bcdeb629060fb18d7f5472325433e2945ff835bf09044fdce3a0cc,train,3
1090,taco_001090.jpg,batch_6/000091.JPG,https://farm66.staticflickr.com/65535/40889609983_a89569a413_o.png,https://farm66.staticflickr.com/65535/40889609983_58bf0d712d_z.jpg,CC BY 4.0 (TACO default for missing image license),Aluminium foil,480,640,490556f0518c9a434153484bcc366381dfccb676a2f27ce54b31621fb999b6a0,train,1
45,taco_000045.jpg,batch_1/000045.jpg,https://farm66.staticflickr.com/65535/32911404617_b7c9ea03d6_o.png,https://farm66.staticflickr.com/65535/32911404617_3bba230dbb_z.jpg,CC BY 4.0 (TACO default for missing image license),Food Can,640,480,0464d838e8d48b5597f7237eb5a8abac0150aded976c0105238b3afa19409027,train,6
884,taco_000884.jpg,batch_4/000007.JPG,https://farm66.staticflickr.com/65535/40889455503_1d3003470a_o.png,https://farm66.staticflickr.com/65535/40889455503_85ed203eff_z.jpg,CC BY 4.0 (TACO default for missing image license),Plastic film,480,640,977edd6840f7aacc307324f7e0bb62d3f3f1e1dc22bf071ef731bc5037d20af1,train,1
730,taco_000730.jpg,batch_2/000052.JPG,https://farm66.staticflickr.com/65535/47803532112_c4ace4cd6b_o.png,https://farm66.staticflickr.com/65535/47803532112_e130c479e6_z.jpg,CC BY 4.0 (TACO default for missing image license),Normal paper; Plastic straw,480,640,64b58a674ba775e1d544dd668195cea146882bd11def385ae55374ffcecd0292,train,2
872,taco_000872.jpg,batch_3/IMG_5066.JPG,https://farm66.staticflickr.com/65535/47066377524_c3d8721bb5_o.png,https://farm66.staticflickr.com/65535/47066377524_94673724a7_z.jpg,CC BY 4.0 (TACO default for missing image license),Other plastic container; Other plastic wrapper; Tupperware,480,640,f81fa98758fe5f865fafbd758c904541c6d54b864b35fbeb0b913705cdc036e9,train,3
82,taco_000082.jpg,batch_1/000104.JPG,https://farm66.staticflickr.com/65535/47855536111_52ebed4191_o.png,https://farm66.staticflickr.com/65535/47855536111_0d1ba44721_z.jpg,CC BY 4.0 (TACO default for missing image license),Plastic bottle cap,640,480,6f7729f1a599ae66666fd0fac50462c3bf706adf570b2aa47364f93bd2f186eb,train,2
83,taco_000083.jpg,batch_1/000105.JPG,https://farm66.staticflickr.com/65535/46939279105_92bc3bde2b_o.png,https://farm66.staticflickr.com/65535/46939279105_e1bbce4d4b_z.jpg,CC BY 4.0 (TACO default for missing image license),Plastic film,480,640,7da3b8c3dde041b6182bf37403ce74f1523284bb0dfc60b980ede104715dcf4d,train,1
814,taco_000814.jpg,batch_3/IMG_4859.JPG,https://farm66.staticflickr.com/65535/32911667437_bb4883fe3b_o.png,https://farm66.staticflickr.com/65535/32911667437_f27a5bd7eb_z.jpg,CC BY 4.0 (TACO default for missing image license),Plastic film,480,640,ee386a7fbb02b66890c52fd7c74b3a642c76f919e33b678fe9c1af81939e5955,train,2
1198,taco_001198.jpg,batch_7/000030.JPG,https://farm66.staticflickr.com/65535/46940032185_6e98d92a2a_o.png,https://farm66.staticflickr.com/65535/46940032185_c94117ccbe_z.jpg,CC BY 4.0 (TACO default for missing image license),Disposable plastic cup,480,640,3a559e52ce874d8ef9274766985adeb8a669bc50b51bdb3257b4c7be451dec6a,train,1
778,taco_000778.jpg,batch_3/IMG_4972.JPG,https://farm66.staticflickr.com/65535/40889120223_4f7d68f146_o.png,https://farm66.staticflickr.com/65535/40889120223_5119a38652_z.jpg,CC BY 4.0 (TACO default for missing image license),Pop tab,480,640,498b8c8a9427cd590c0b0cc4a9d7c49a77e6a91dd6c0c31b52131b098b56f8cd,train,1
1192,taco_001192.jpg,batch_7/000021.JPG,https://farm66.staticflickr.com/65535/40889663323_eb3d4f7105_o.png,https://farm66.staticflickr.com/65535/40889663323_2e6cd64835_z.jpg,CC BY 4.0 (TACO default for missing image license),Normal paper; Styrofoam piece,640,480,a93e0f8551b760c1b8891afcfebd20eb479dedee6cba2eefc89a21b60910bea3,train,3
1161,taco_001161.jpg,batch_6/000014.JPG,https://farm66.staticflickr.com/65535/47066804614_cdb8cde5ec_o.png,https://farm66.staticflickr.com/65535/47066804614_e92cafe753_z.jpg,CC BY 4.0 (TACO default for missing image license),Clear plastic bottle,480,640,f1dce8d526088b844c9476a2eec9e6873322bb83e91e06c2e3a6f3f823555e04,train,1
1252,taco_001252.jpg,batch_7/000091.JPG,https://farm66.staticflickr.com/65535/46940062245_4af8a7d9b6_o.png,https://farm66.staticflickr.com/65535/46940062245_2a6a4382b5_z.jpg,CC BY 4.0 (TACO default for missing image license),Clear plastic bottle; Plastic bottle cap,640,480,f6bc5c596275762d8e0b884a028f2e93e8d578d785ee2a6c4611b62e3f3179a9,train,2
68,taco_000068.jpg,batch_1/000090.JPG,https://farm66.staticflickr.com/65535/46939272735_b8506f98ec_o.png,https://farm66.staticflickr.com/65535/46939272735_43c98a9d25_z.jpg,CC BY 4.0 (TACO default for missing image license),Food Can,480,640,7eb30e3acaa9af2785651e202fbe0b2571c3e89dc88ed133f97d7721f5775fce,train,1
1290,taco_001290.jpg,batch_7/000133.JPG,https://farm66.staticflickr.com/65535/47856358351_1d3fdb10a8_o.png,https://farm66.staticflickr.com/65535/47856358351_c83b7abee3_z.jpg,CC BY 4.0 (TACO default for missing image license),Single-use carrier bag,640,480,1ff937bcb1722346dd2314e3140dfb137885ba9251ec25f77797bda28975c019,train,1
851,taco_000851.jpg,batch_3/IMG_4936.JPG,https://farm66.staticflickr.com/65535/32911705417_0e5cf5edb6_o.png,https://farm66.staticflickr.com/65535/32911705417_836809ff57_z.jpg,CC BY 4.0 (TACO default for missing image license),Plastic straw,480,640,27a8fdb52649c2b15b6f49ba1d597270566ae04f439b459882b21b53724b8822,train,1
1291,taco_001291.jpg,batch_7/000134.JPG,https://farm66.staticflickr.com/65535/47856358721_83317cd3e7_o.png,https://farm66.staticflickr.com/65535/47856358721_71ee591c98_z.jpg,CC BY 4.0 (TACO default for missing image license),Other plastic; Other plastic wrapper,640,480,d7467f8a2bf2ed05d302c9e51e361a61b34993b76ebc6a993e5148566e46fd93,train,3
775,taco_000775.jpg,batch_2/000098.JPG,https://farm66.staticflickr.com/65535/40889091053_54f5a884ed_o.png,https://farm66.staticflickr.com/65535/40889091053_e5fcda5a48_z.jpg,CC BY 4.0 (TACO default for missing image license),Drink can,480,640,0fca96e7d9ece7944cb73dba956fbba61847d7329d1a0039b170d9c0564f7829,train,1
1174,taco_001174.jpg,batch_7/000001.JPG,https://farm66.staticflickr.com/65535/46940011655_5a1f041451_o.png,https://farm66.staticflickr.com/65535/46940011655_f671a56ca3_z.jpg,CC BY 4.0 (TACO default for missing image license),Other plastic; Plastic bottle cap; Plastic straw,640,427,ccb1ab3f6c34dc6a3cddd8174c208792f355072c44c19b25825acf1c39e695b8,train,4
931,taco_000931.jpg,batch_4/000061.JPG,https://farm66.staticflickr.com/65535/47803907242_75b69d674e_o.png,https://farm66.staticflickr.com/65535/47803907242_13761c9c96_z.jpg,CC BY 4.0 (TACO default for missing image license),Plastic bottle cap,480,640,b13e7ee46b132e01dc5d5b274a7033619dfbaed870a1e321d6b1929f4acac8bf,train,1
1133,taco_001133.jpg,batch_6/000045.JPG,https://farm66.staticflickr.com/65535/47066790184_2477b4512c_o.png,https://farm66.staticflickr.com/65535/47066790184_0ce8a48328_z.jpg,CC BY 4.0 (TACO default for missing image license),Clear plastic bottle; Plastic bottle cap,640,480,ee794107d00e688757d840700f32b7559be3134a7df6145ccb5da30c38b9bf06,train,2
905,taco_000905.jpg,batch_4/000031.JPG,https://farm66.staticflickr.com/65535/47803897082_b1eb31ef66_o.png,https://farm66.staticflickr.com/65535/47803897082_e2d9854c11_z.jpg,CC BY 4.0 (TACO default for missing image license),Plastic film,640,480,0b6f99a9069304abf92ad0db973a530d2ba0e12b01f16b2504103efa8152d674,train,2
1053,taco_001053.jpg,batch_5/000037.JPG,https://farm66.staticflickr.com/65535/33978892848_e157672b95_o.png,https://farm66.staticflickr.com/65535/33978892848_3453726c17_z.jpg,CC BY 4.0 (TACO default for missing image license),Normal paper; Plastic glooves,480,640,3b489685904a33033c18ef115bf08970ca3fc4b017ee9199ec33f465cb4d0e48,train,2
1039,taco_001039.jpg,batch_5/000022.JPG,https://farm66.staticflickr.com/65535/47066721294_7feca83d8b_o.png,https://farm66.staticflickr.com/65535/47066721294_c82a333792_z.jpg,CC BY 4.0 (TACO default for missing image license),Other plastic wrapper; Paper bag; Plastic film; Single-use carrier bag,480,640,9b6ab706587792728fb2ee736764763578c61230f2095250e42ddb62c95b0dd8,train,5
70,taco_000070.jpg,batch_1/000092.JPG,https://farm66.staticflickr.com/65535/40888908063_07b4c2497a_o.png,https://farm66.staticflickr.com/65535/40888908063_826a675e51_z.jpg,CC BY 4.0 (TACO default for missing image license),Other plastic wrapper; Spread tub,480,640,f6a8ae5aac7a2b6e299a7e34a22b7067fe150b95645a974a1133a73e914e5369,train,2
1066,taco_001066.jpg,batch_5/000051.JPG,https://farm66.staticflickr.com/65535/47856201821_e0c10c6b9d_o.png,https://farm66.staticflickr.com/65535/47856201821_9aeb3bc4cd_z.jpg,CC BY 4.0 (TACO default for missing image license),Drink can; Pop tab,480,640,c1aa4f9c5555082801dd6e2e838b590d959107c164d96353fff3c64a0a2151c6,train,2
847,taco_000847.jpg,batch_3/IMG_4926.JPG,https://farm66.staticflickr.com/65535/32911701247_1dea0d3dc8_o.png,https://farm66.staticflickr.com/65535/32911701247_d699ecacaf_z.jpg,CC BY 4.0 (TACO default for missing image license),Aluminium foil,480,640,62ba1cf15c6694b40fb95514903e259efdc595ed96570452ec5633a76eb9b57d,train,1
1165,taco_001165.jpg,batch_6/000009.JPG,https://farm66.staticflickr.com/65535/47066807424_6d5cc16d42_o.png,https://farm66.staticflickr.com/65535/47066807424_fe1c048469_z.jpg,CC BY 4.0 (TACO default for missing image license),Corrugated carton,640,480,edda731213cc2ccd98df0379784964abf6ed11c11dcccd499d389769a1067d20,train,1
1295,taco_001295.jpg,batch_7/000138.JPG,https://farm66.staticflickr.com/65535/33979041948_075063cc76_o.png,https://farm66.staticflickr.com/65535/33979041948_a44ce3184f_z.jpg,CC BY 4.0 (TACO default for missing image license),Other plastic; Plastic bottle cap,480,640,992f4843953c327907f39d687d16d90c8a4dbfa583a9198644c62ccfa3805fc7,train,4
787,taco_000787.jpg,batch_3/IMG_5002.JPG,https://farm66.staticflickr.com/65535/47855757651_1aaaf21ec2_o.png,https://farm66.staticflickr.com/65535/47855757651_46756e77c7_z.jpg,CC BY 4.0 (TACO default for missing image license),Plastic utensils,480,640,526aff7f68e99389fcc6faf105c8a679a0aed31e5781cc7bdff572105be31249,train,1
874,taco_000874.jpg,batch_3/IMG_5068.JPG,https://farm66.staticflickr.com/65535/47855823771_db2a33d946_o.png,https://farm66.staticflickr.com/65535/47855823771_2193752179_z.jpg,CC BY 4.0 (TACO default for missing image license),Magazine paper,640,480,7d091d056db1155ede446aa9a58cc677b7fba603e2055afd45706643486fb053,train,7
18,taco_000018.jpg,batch_1/000011.jpg,https://farm66.staticflickr.com/65535/40888879023_df1db6fbd9_o.png,https://farm66.staticflickr.com/65535/40888879023_9050b8b546_z.jpg,CC BY 4.0 (TACO default for missing image license),Drink can,480,640,d92f710a76b03dcf38c2a9ad0cadabfc791f0c7b0235e31fc86c6480803904a6,train,1
1233,taco_001233.jpg,batch_7/000071.JPG,https://farm66.staticflickr.com/65535/32912177517_397f58d130_o.png,https://farm66.staticflickr.com/65535/32912177517_3be7077676_z.jpg,CC BY 4.0 (TACO default for missing image license),Single-use carrier bag,640,480,6d10abd938f50bed3f144e0645efbe12f6874d209cf6e44476ebdacd2262c38a,train,1
60,taco_000060.jpg,batch_1/000081.JPG,https://farm66.staticflickr.com/65535/33978216968_4773411c9b_o.png,https://farm66.staticflickr.com/65535/33978216968_43333362b8_z.jpg,CC BY 4.0 (TACO default for missing image license),Clear plastic bottle; Plastic bottle cap,480,640,7e863a7ed49b96fb4e7e8e97b22d82f77b75a122c6e97d6e5e30b21d4a2b0964,train,2
1244,taco_001244.jpg,batch_7/000083.JPG,https://farm66.staticflickr.com/65535/32912188217_ca90bbbe64_o.png,https://farm66.staticflickr.com/65535/32912188217_e1a12196a9_z.jpg,CC BY 4.0 (TACO default for missing image license),Broken glass; Plastic film,480,640,84771be9f4288650deed6c6c1cd9d9b60ea3fc254b50a463f78b0cab5f9c4272,train,2
1120,taco_001120.jpg,batch_6/000058.JPG,https://farm66.staticflickr.com/65535/33978931598_18cb20dc04_o.png,https://farm66.staticflickr.com/65535/33978931598_0bd97e60d4_z.jpg,CC BY 4.0 (TACO default for missing image license),Aluminium foil; Clear plastic bottle,480,640,49f68f6ba73c8c091d41f666e38e37488c91ca270cb1866c09ad6f5478c8a3e8,train,4
93,taco_000093.jpg,batch_1/000120.JPG,https://farm66.staticflickr.com/65535/32911436277_8e046cc764_o.png,https://farm66.staticflickr.com/65535/32911436277_150d3aea25_z.jpg,CC BY 4.0 (TACO default for missing image license),Plastic film,480,640,d12c431b4a75cecadd959f4b662b17a0612d6f8720b9d16524745621ce13b13b,train,1
887,taco_000887.jpg,batch_4/000010.JPG,https://farm66.staticflickr.com/65535/47856074981_8784149ac7_o.png,https://farm66.staticflickr.com/65535/47856074981_6849c7a5bc_z.jpg,CC BY 4.0 (TACO default for missing image license),Other plastic,480,640,b91cbf3bf04c3461c1863d5c24cd35c1b40ec977fa3d1791be9116c4683a7860,train,3
1296,taco_001296.jpg,batch_7/000139.JPG,https://farm66.staticflickr.com/65535/33979042658_1301ffe635_o.png,https://farm66.staticflickr.com/65535/33979042658_9bf519677a_z.jpg,CC BY 4.0 (TACO default for missing image license),Other plastic,480,640,546a6281f057f9b2cdc29de8cece298aaa2cfe94d4bb6cde1e1648f9b03abc76,train,2
1094,taco_001094.jpg,batch_6/000087.JPG,https://farm66.staticflickr.com/65535/32912097377_11a7d46c4e_o.png,https://farm66.staticflickr.com/65535/32912097377_6e16d8cfdf_z.jpg,CC BY 4.0 (TACO default for missing image license),Clear plastic bottle; Other plastic wrapper,640,480,e3125749462ace989af46f3f09c1f584d96b0e58cdf46d7ed87eb9f5c0f0de51,train,3
755,taco_000755.jpg,batch_2/000079.JPG,https://farm66.staticflickr.com/65535/40889080603_cc6d0d0b2c_o.png,https://farm66.staticflickr.com/65535/40889080603_b432bfe3b3_z.jpg,CC BY 4.0 (TACO default for missing image license),Other plastic bottle,480,640,624955e2e5888069da1bfa99eb3e3965792ceb364b2c2a647e587b5e4bcb5a8f,train,1
1126,taco_001126.jpg,batch_6/000000.JPG,https://farm66.staticflickr.com/65535/32912111927_28e2839fa4_o.png,https://farm66.staticflickr.com/65535/32912111927_0fd98f8be0_z.jpg,CC BY 4.0 (TACO default for missing image license),Disposable plastic cup,480,640,a02978635993eb466585701e2a3f394c61be2c43dd216714bf1af143d5446d34,train,1
1229,taco_001229.jpg,batch_7/000067.JPG,https://farm66.staticflickr.com/65535/40889692753_a5e4123282_o.png,https://farm66.staticflickr.com/65535/40889692753_29149e45e6_z.jpg,CC BY 4.0 (TACO default for missing image license),Other plastic; Plastic film,640,480,51f7c24478d5711df268a66bf1327925eaca1edb58cf5fc97e5120f893d285a3,train,2
1285,taco_001285.jpg,batch_7/000127.JPG,https://farm66.staticflickr.com/65535/33979037178_ede3b99d79_o.png,https://farm66.staticflickr.com/65535/33979037178_302f827683_z.jpg,CC BY 4.0 (TACO default for missing image license),Other plastic; Styrofoam piece,480,640,f0ae74c792e038f28f1dd0d5771061c7fcdd2f33a7395e5ff13474a22f29f72d,train,3
719,taco_000719.jpg,batch_2/000039.JPG,https://farm66.staticflickr.com/65535/40889056553_88ca11b53b_o.png,https://farm66.staticflickr.com/65535/40889056553_57ccb871ec_z.jpg,CC BY 4.0 (TACO default for missing image license),Drink can,480,640,fa67e806f36d2f1f6bf663b197924a1d78493ffb4d0b8a86dee33c377f9b9daa,train,1
995,taco_000995.jpg,batch_5/000066.JPG,https://farm66.staticflickr.com/65535/46939886025_abd4f72a7c_o.png,https://farm66.staticflickr.com/65535/46939886025_6fcba80118_z.jpg,CC BY 4.0 (TACO default for missing image license),Other plastic; Other plastic bottle,480,640,d07f95a5cc816684108085ba5f0fef65c5bb6528b407c1c1fc2c958167a63bb7,train,2
72,taco_000072.jpg,batch_1/000094.JPG,https://farm66.staticflickr.com/65535/33978225078_8599bddd01_o.png,https://farm66.staticflickr.com/65535/33978225078_ddc894ef40_z.jpg,CC BY 4.0 (TACO default for missing image license),Plastic film,480,640,57e6972370410b6604fa397584c53530110c8407c952877e21855833817f602f,train,1
707,taco_000707.jpg,batch_2/000025.JPG,https://farm66.staticflickr.com/65535/40889050463_4528cc2e2c_o.png,https://farm66.staticflickr.com/65535/40889050463_b7c99d3888_z.jpg,CC BY 4.0 (TACO default for missing image license),Glass bottle,480,640,3b3843fce1df3872675c67ff34fae5024d18b32cdb58a1c4f360fd6d2beebfc1,train,1
65,taco_000065.jpg,batch_1/000086.JPG,https://farm66.staticflickr.com/65535/47855526201_eefff7144d_o.png,https://farm66.staticflickr.com/65535/47855526201_cc3099bc63_z.jpg,CC BY 4.0 (TACO default for missing image license),Plastic utensils,480,640,ab2b92aa32c72f6f1c9f5e3752a4b068a84f16f02945af6afdd332eeff07e693,train,1
1080,taco_001080.jpg,batch_6/000101.JPG,https://farm66.staticflickr.com/65535/46939955465_d0a4870a38_o.png,https://farm66.staticflickr.com/65535/46939955465_a0d3d6f22a_z.jpg,CC BY 4.0 (TACO default for missing image license),Clear plastic bottle; Other plastic wrapper,640,480,3ee135f8d91633b25d519f7f34b2ed1911b18b01fa307543f981b6470c3c737c,train,2
1095,taco_001095.jpg,batch_6/000086.JPG,https://farm66.staticflickr.com/65535/33978922018_1c003c7d23_o.png,https://farm66.staticflickr.com/65535/33978922018_f9ae830092_z.jpg,CC BY 4.0 (TACO default for missing image license),Aluminium foil,640,480,109c22911b66dae8f62272b30d254c8e0afc3017ad05c6e5d527061c36d0339a,train,1
1010,taco_001010.jpg,batch_5/000111.JPG,https://farm66.staticflickr.com/65535/33978864988_76748d62ae_o.png,https://farm66.staticflickr.com/65535/33978864988_736aac28a6_z.jpg,CC BY 4.0 (TACO default for missing image license),Glass bottle; Plastic bottle cap; Plastic film; Styrofoam piece,480,640,748c12acfd5898e26e0df8ecc32a1ebdbcf085d5666e3fb93ad32aa086e74845,train,4
1105,taco_001105.jpg,batch_6/000074.JPG,https://farm66.staticflickr.com/65535/46939966745_ff2c47e398_o.png,https://farm66.staticflickr.com/65535/46939966745_0e95ea41c2_z.jpg,CC BY 4.0 (TACO default for missing image license),Corrugated carton; Other plastic bottle,640,480,a989f927435a6f764813f1101162a2df219614bd7977d0457df477bf0b9dfd32,train,2
702,taco_000702.jpg,batch_2/000020.JPG,https://farm66.staticflickr.com/65535/40889047093_cba2e7000f_o.png,https://farm66.staticflickr.com/65535/40889047093_888b2673a7_z.jpg,CC BY 4.0 (TACO default for missing image license),Other plastic wrapper,640,480,600f6f80871f0b43076c10931e0106bae404687718a6a41da2e944a88d150a4f,train,1
1075,taco_001075.jpg,batch_5/000061.JPG,https://farm66.staticflickr.com/65535/40889596053_a087c16e61_o.png,https://farm66.staticflickr.com/65535/40889596053_cbdcf6ef67_z.jpg,CC BY 4.0 (TACO default for missing image license),Plastic film,480,640,8c89f540864d548acb588a8b4fba33676d0af9562e7727725aadc31f14a5e267,train,1
1289,taco_001289.jpg,batch_7/000132.JPG,https://farm66.staticflickr.com/65535/40889729373_ff938be026_o.png,https://farm66.staticflickr.com/65535/40889729373_f95d8ccd3f_z.jpg,CC BY 4.0 (TACO default for missing image license),Other plastic; Plastic bottle cap,640,480,5f92c60d35d171feefe6c4df4d9f6f338f3519ad05f54639cd469307785a3288,train,2
880,taco_000880.jpg,batch_4/000003.JPG,https://farm66.staticflickr.com/65535/32911954707_e03eb0440d_o.png,https://farm66.staticflickr.com/65535/32911954707_c4589d7f8c_z.jpg,CC BY 4.0 (TACO default for missing image license),Plastic bottle cap,480,640,8b43a6f0724e05a47784ba296e6b264364f7107e217bdaf67f46506960a52722,train,1
1155,taco_001155.jpg,batch_6/000021.JPG,https://farm66.staticflickr.com/65535/47804038842_0931dbdf15_o.png,https://farm66.staticflickr.com/65535/47804038842_c65cb0c0a3_z.jpg,CC BY 4.0 (TACO default for missing image license),Clear plastic bottle,480,640,e9dc26a9b42018f4b51d22d198686dc70cae0714c52fb6d178ae1cbce5d67a0e,train,1
1275,taco_001275.jpg,batch_7/000117.JPG,https://farm66.staticflickr.com/65535/33979031948_0199770283_o.png,https://farm66.staticflickr.com/65535/33979031948_a882476753_z.jpg,CC BY 4.0 (TACO default for missing image license),Styrofoam piece,640,480,017607f11c95d1c3ceea15648d5131610fda17388785fe9d68c6a52202b210d1,train,1
745,taco_000745.jpg,batch_2/000068.JPG,https://farm66.staticflickr.com/65535/32911590747_0148c2506c_o.png,https://farm66.staticflickr.com/65535/32911590747_4a0fbe8dc8_z.jpg,CC BY 4.0 (TACO default for missing image license),Aluminium foil; Corrugated carton,480,640,85e2b4e74ff0eb138017285cfedf6bf1ba4a0425e37dfc7c98d8b0ffb00c4043,train,3
1232,taco_001232.jpg,batch_7/000070.JPG,https://farm66.staticflickr.com/65535/33979000668_8a82711193_o.png,https://farm66.staticflickr.com/65535/33979000668_ef55ae353e_z.jpg,CC BY 4.0 (TACO default for missing image license),Other plastic; Plastic straw; Plastic utensils,480,640,7374cdc6ea396ad6d44ec7e9b69e530f5f30719eacabc5f8ee6555c4107d40a0,train,3
1173,taco_001173.jpg,batch_7/000000.JPG,https://farm66.staticflickr.com/65535/40889652193_3f37fd3281_o.png,https://farm66.staticflickr.com/65535/40889652193_688432e0d3_z.jpg,CC BY 4.0 (TACO default for missing image license),Other plastic wrapper,640,427,1b63d0ce5e0940b4e1a078d2bd26e4c14a99769e37cada9edeb88c2e31e4d9ba,train,1
923,taco_000923.jpg,batch_4/000053.JPG,https://farm66.staticflickr.com/65535/40889484723_d17e1941c4_o.png,https://farm66.staticflickr.com/65535/40889484723_205b879668_z.jpg,CC BY 4.0 (TACO default for missing image license),Plastic film,640,480,f2f640203f2c7f89c709aff624b02130c3d7e1c7d3a251af36b4f854a9cf87b8,train,1
875,taco_000875.jpg,batch_4/000032.JPG,https://farm66.staticflickr.com/65535/46939797665_8338f0c922_o.png,https://farm66.staticflickr.com/65535/46939797665_abb1e72b7b_z.jpg,CC BY 4.0 (TACO default for missing image license),Clear plastic bottle; Plastic bottle cap; Wrapping paper,480,640,804f2c52bc2c7b1eab43eeb8359a307ad8429aa302f6099843e65dc08aa576e0,train,3
85,taco_000085.jpg,batch_1/000107.JPG,https://farm66.staticflickr.com/65535/47066092764_614d978865_o.png,https://farm66.staticflickr.com/65535/47066092764_be1f5d14de_z.jpg,CC BY 4.0 (TACO default for missing image license),Drink can; Pop tab,480,640,38fbe36bcd04222f0eee727f2f70bc8b38ce930a1d6a34b7be501f1a5a0a9ab1,train,2
820,taco_000820.jpg,batch_3/IMG_4874.JPG,https://farm66.staticflickr.com/65535/40889157373_60346430b4_o.png,https://farm66.staticflickr.com/65535/40889157373_6cc7c16826_z.jpg,CC BY 4.0 (TACO default for missing image license),Corrugated carton; Plastic film,480,640,06a314408ea8ec45b323e8d1365739741da125a1646dd63b1de7ba4aec928d06,val,2
853,taco_000853.jpg,batch_3/IMG_4941.JPG,https://farm66.staticflickr.com/65535/47855809301_f048ba2949_o.png,https://farm66.staticflickr.com/65535/47855809301_4681535632_z.jpg,CC BY 4.0 (TACO default for missing image license),Clear plastic bottle; Glass bottle; Normal paper; Other plastic; Other plastic wrapper; Paper bag; Plastic straw; Pop tab,640,480,7d6dc8b44985f7865c50e8a1bb80553081ba1020a4f862f84c2ee40e0e711c7a,val,12
39,taco_000039.jpg,batch_1/000016.jpg,https://farm66.staticflickr.com/65535/47855510951_3642b54f28_o.png,https://farm66.staticflickr.com/65535/47855510951_2a1053520e_z.jpg,CC BY 4.0 (TACO default for missing image license),Glass bottle,480,640,6db89fa769550278efe34f524426b3eab13302f259688d3cba3177726209b1c7,val,1
827,taco_000827.jpg,batch_3/IMG_4887.JPG,https://farm66.staticflickr.com/65535/46939511145_58870f9c2a_o.png,https://farm66.staticflickr.com/65535/46939511145_ab064a6802_z.jpg,CC BY 4.0 (TACO default for missing image license),Drink can,480,640,644fa067a09918a110aa04839bc9c06de1c825ea29ec97071fe88efaac6b3bdc,val,1
896,taco_000896.jpg,batch_4/000020.JPG,https://farm66.staticflickr.com/65535/46939814465_7b5d4a4660_o.png,https://farm66.staticflickr.com/65535/46939814465_f7e4ca2f22_z.jpg,CC BY 4.0 (TACO default for missing image license),Plastic film,480,640,c99e5de05bbd129f9c8ddf0d590a6113309f0b9b38efa66a531a6b059712c19d,val,1
1034,taco_001034.jpg,batch_5/000017.JPG,https://farm66.staticflickr.com/65535/33978880738_f7752223c3_o.png,https://farm66.staticflickr.com/65535/33978880738_30e116317c_z.jpg,CC BY 4.0 (TACO default for missing image license),Drink can; Pop tab,480,640,57400fa2651ebe060917cd2fc13537849b9a9669d7e8f9c61d9f181a85351212,val,2
752,taco_000752.jpg,batch_2/000075.JPG,https://farm66.staticflickr.com/65535/40889079393_4dc166cf15_o.png,https://farm66.staticflickr.com/65535/40889079393_59f957b50f_z.jpg,CC BY 4.0 (TACO default for missing image license),Drink can,640,480,fec6995fcf6710427ff57f40d28bc77b20337b157d27656809275649317ff40c,val,1
1015,taco_001015.jpg,batch_5/000116.JPG,https://farm66.staticflickr.com/65535/40889567233_57772d7469_o.png,https://farm66.staticflickr.com/65535/40889567233_5ee903d57f_z.jpg,CC BY 4.0 (TACO default for missing image license),Plastic film,640,480,108bcdfc40c93a97b1baa4098c40e48ba3d429bac93667ef01b59b1e5caf977f,val,1
1176,taco_001176.jpg,batch_7/000003.JPG,https://farm66.staticflickr.com/65535/40889654633_8e83c5da1f_o.png,https://farm66.staticflickr.com/65535/40889654633_0718f69e93_z.jpg,CC BY 4.0 (TACO default for missing image license),Metal bottle cap,640,427,44ab5e68a3d1dbc4e3a8216513812b8ee1763023151e2b5b731e2add28496e1b,val,1
907,taco_000907.jpg,batch_4/000035.JPG,https://farm66.staticflickr.com/65535/33978783508_957241c819_o.png,https://farm66.staticflickr.com/65535/33978783508_92cf732921_z.jpg,CC BY 4.0 (TACO default for missing image license),Styrofoam piece,480,640,3567e915d56ad734d40d53a12833bb30e86d596491378ca69c038089d812022d,val,1
52,taco_000052.jpg,batch_1/000070.JPG,https://farm66.staticflickr.com/65535/33978213438_74b185f6e1_o.png,https://farm66.staticflickr.com/65535/33978213438_20eb524286_z.jpg,CC BY 4.0 (TACO default for missing image license),Drink can,480,640,167922382e66b973f98196688153470ab0e0fa3444ab857bcfffd13346783a9a,val,1
1035,taco_001035.jpg,batch_5/000018.JPG,https://farm66.staticflickr.com/65535/47803968782_be6b3b8ab0_o.png,https://farm66.staticflickr.com/65535/47803968782_75a492cbe1_z.jpg,CC BY 4.0 (TACO default for missing image license),Plastic glooves,480,640,a86c21d702898683be94428e69a283b93be225c50bf7122b532db0324e63224a,val,1
1109,taco_001109.jpg,batch_6/000070.JPG,https://farm66.staticflickr.com/65535/47804024302_22cfe15e8d_o.png,https://farm66.staticflickr.com/65535/47804024302_8b7c9f0045_z.jpg,CC BY 4.0 (TACO default for missing image license),Tupperware,640,480,2a0945c547f9bdfc4bf70a6c2c83373f4fb05d9eaffa0e966f1fc3dd4e8ac87c,val,1
725,taco_000725.jpg,batch_2/000046.JPG,https://farm66.staticflickr.com/65535/47066254014_6559944349_o.png,https://farm66.staticflickr.com/65535/47066254014_0453e4729d_z.jpg,CC BY 4.0 (TACO default for missing image license),Drink can,480,640,5cc1dfdb1c5f4440d8e8076af6322ad37257fdd8bb5fd04e9a28121f29cc39d1,val,1
41,taco_000041.jpg,batch_1/000025.jpg,https://farm66.staticflickr.com/65535/40888889263_442454f466_o.png,https://farm66.staticflickr.com/65535/40888889263_c1d612cc87_z.jpg,CC BY 4.0 (TACO default for missing image license),Drink can; Normal paper; Pop tab,480,640,634b65b865c5654c83b01ed4c5a0c7bb71d731cb35e54578fb58d67ef9a54465,val,3
13,taco_000013.jpg,batch_1/000053.jpg,https://farm66.staticflickr.com/65535/47066067064_84c534d654_o.png,https://farm66.staticflickr.com/65535/47066067064_b7ca7a114d_z.jpg,CC BY 4.0 (TACO default for missing image license),Clear plastic bottle; Plastic bottle cap; Plastic film,480,640,a854dca00cc66e595084f242fd6fc604fd482b742290767fdcc944fc053bc584,val,3
1106,taco_001106.jpg,batch_6/000073.JPG,https://farm66.staticflickr.com/65535/46939967325_3fb88921ab_o.png,https://farm66.staticflickr.com/65535/46939967325_77a769d7e4_z.jpg,CC BY 4.0 (TACO default for missing image license),Clear plastic bottle; Plastic bottle cap; Scrap metal,640,480,bacbf8eaa7bda85e7e41bafec7960edf637b83ce1502a1b31f8e96a2ee7bc7bc,val,3
1219,taco_001219.jpg,batch_7/000055.JPG,https://farm66.staticflickr.com/65535/40889686743_26a550aa0e_o.png,https://farm66.staticflickr.com/65535/40889686743_7773826962_z.jpg,CC BY 4.0 (TACO default for missing image license),Plastic film,480,640,50c7ac3c8b2c3a1824172aa3e747351dbf290bc5accb56dd4b027e33ec4d35ea,val,1
1282,taco_001282.jpg,batch_7/000124.JPG,https://farm66.staticflickr.com/65535/33979035628_e35fa0d1d3_o.png,https://farm66.staticflickr.com/65535/33979035628_d35be11b10_z.jpg,CC BY 4.0 (TACO default for missing image license),Other plastic wrapper,640,480,d46ae9ea5c6f3bf34d6e731a738a363b14c201d7e86cb1e28f8a14474d8f0e8c,val,1
895,taco_000895.jpg,batch_4/000019.JPG,https://farm66.staticflickr.com/65535/47803887772_c43c4d142c_o.png,https://farm66.staticflickr.com/65535/47803887772_019ab17471_z.jpg,CC BY 4.0 (TACO default for missing image license),Other plastic,640,480,9e6068a3b3fabc5a90fcda836c5d8ca90916a2b66772ceff8a94cebc3f194393,val,1
986,taco_000986.jpg,batch_5/000095.JPG,https://farm66.staticflickr.com/65535/33978858548_6aed38e453_o.png,https://farm66.staticflickr.com/65535/33978858548_21fe5dc90a_z.jpg,CC BY 4.0 (TACO default for missing image license),Disposable plastic cup,640,480,a2cefc92857fdde7a788488b8d65992385df4b6068b0e3aff93e7160529305b5,val,1
1191,taco_001191.jpg,batch_7/000020.JPG,https://farm66.staticflickr.com/65535/32912151417_6d49f60e7b_o.png,https://farm66.staticflickr.com/65535/32912151417_d0bb3df407_z.jpg,CC BY 4.0 (TACO default for missing image license),Styrofoam piece,640,480,5bc8b8bb3a8eb1bac70320d4d819403e87475deb30d69ad9f12b07abb984f62a,val,1
863,taco_000863.jpg,batch_3/IMG_4929.JPG,https://farm66.staticflickr.com/65535/47803644762_913412029c_o.png,https://farm66.staticflickr.com/65535/47803644762_29979fa72c_z.jpg,CC BY 4.0 (TACO default for missing image license),Plastic film,520,639,95df0b2903ecd05abd816a6c939334f266374b9f90fb211b7c8243bf8a3dd6ba,val,1
1178,taco_001178.jpg,batch_7/000005.JPG,https://farm66.staticflickr.com/65535/47804053462_f5ce27b41f_o.png,https://farm66.staticflickr.com/65535/47804053462_816612d92f_z.jpg,CC BY 4.0 (TACO default for missing image license),Plastic film,640,427,9c39208351ae3d77996afc8c59fe550d61012ab0ffbf4db7f2eecb9ab081db89,val,1
1257,taco_001257.jpg,batch_7/000096.JPG,https://farm66.staticflickr.com/65535/46940063375_9988b86bcb_o.png,https://farm66.staticflickr.com/65535/46940063375_e86e35836e_z.jpg,CC BY 4.0 (TACO default for missing image license),Glass bottle,640,640,eed4a02e38c4a986af7a6c4ed58051e21f6c7d63682fb474d1b878719ba51b1e,val,1
34,taco_000034.jpg,batch_1/000050.jpg,https://farm66.staticflickr.com/65535/46939256875_a0d7b3cf96_o.png,https://farm66.staticflickr.com/65535/46939256875_1e3f943358_z.jpg,CC BY 4.0 (TACO default for missing image license),Drink can; Single-use carrier bag,480,640,58a96578786caa755535ca3ab069e641ea284755a719be79f98836c4f6a16671,val,2
1288,taco_001288.jpg,batch_7/000131.JPG,https://farm66.staticflickr.com/65535/46940079905_288c12229d_o.png,https://farm66.staticflickr.com/65535/46940079905_d7ff39e94c_z.jpg,CC BY 4.0 (TACO default for missing image license),Other plastic; Plastic bottle cap,480,640,ddcd419084bf1eb754bf279ff412ec7cf75e3ebec396e3f10507ec730c0c4c51,val,4
842,taco_000842.jpg,batch_3/IMG_4917.JPG,https://farm66.staticflickr.com/65535/46939525955_da58573565_o.png,https://farm66.staticflickr.com/65535/46939525955_03dd8bc29d_z.jpg,CC BY 4.0 (TACO default for missing image license),Metal bottle cap,480,640,ae50b1072cdff2120cd0ded747f66b7307ab602141ae01e2961e6de6d5dc79de,val,1
84,taco_000084.jpg,batch_1/000106.JPG,https://farm66.staticflickr.com/65535/40888914233_25659b5165_o.png,https://farm66.staticflickr.com/65535/40888914233_4b10dc5f07_z.jpg,CC BY 4.0 (TACO default for missing image license),Other plastic bottle; Plastic bottle cap,480,640,588c55bd28c20a140ca0569eeb1ffe69757839550e1b941a5e22ee3ba78ba760,val,3
1124,taco_001124.jpg,batch_6/000054.JPG,https://farm66.staticflickr.com/65535/32912110487_067c939d53_o.png,https://farm66.staticflickr.com/65535/32912110487_f29000219f_z.jpg,CC BY 4.0 (TACO default for missing image license),Disposable plastic cup,640,480,ba9b3d843ce40e7565f654c4cebf63a18320f729075a764363e004253373674c,val,1
1018,taco_001018.jpg,batch_5/000000.JPG,https://farm66.staticflickr.com/65535/33978867448_812f29c184_o.png,https://farm66.staticflickr.com/65535/33978867448_b95156f49b_z.jpg,CC BY 4.0 (TACO default for missing image license),Disposable plastic cup; Normal paper,480,640,13fa25382f67e7e6e801b58195d175d4695aac7341893aec04a12209bd8cb65b,val,2
1042,taco_001042.jpg,batch_5/000025.JPG,https://farm66.staticflickr.com/65535/32912048767_1aa69e760e_o.png,https://farm66.staticflickr.com/65535/32912048767_d4cf5afc23_z.jpg,CC BY 4.0 (TACO default for missing image license),Disposable plastic cup,480,640,2b225c5da7a92f04df69682266c8db5ea7e8d9dfc65d43dde288807d0030c4e9,val,1
1005,taco_001005.jpg,batch_5/000106.JPG,https://farm66.staticflickr.com/65535/40889561913_5307f7997f_o.png,https://farm66.staticflickr.com/65535/40889561913_085c4a30dc_z.jpg,CC BY 4.0 (TACO default for missing image license),Other plastic; Plastic film,640,480,213d38463fba09fa50597d05f9b28dfd31c587d84edfa3750640020b1e2c5fce,val,4
873,taco_000873.jpg,batch_3/IMG_5067.JPG,https://farm66.staticflickr.com/65535/47855823101_0fa023cdee_o.png,https://farm66.staticflickr.com/65535/47855823101_d75e78737f_z.jpg,CC BY 4.0 (TACO default for missing image license),Normal paper; Plastic film,480,640,5c80b437d782fb6e82a72848576eee1b7e8271cf89350ff5183b7b6e1fe6c070,val,2
749,taco_000749.jpg,batch_2/000072.JPG,https://farm66.staticflickr.com/65535/47066269614_c86c132a1e_o.png,https://farm66.staticflickr.com/65535/47066269614_f39a0f7d5d_z.jpg,CC BY 4.0 (TACO default for missing image license),Plastic bottle cap,640,480,34944967b2a89231916bc34076fae5483b2285d140596014b5215ab8ddae30fc,val,1
1210,taco_001210.jpg,batch_7/000045.JPG,https://farm66.staticflickr.com/65535/32912159597_c10c9a82dc_o.png,https://farm66.staticflickr.com/65535/32912159597_1838232351_z.jpg,CC BY 4.0 (TACO default for missing image license),Plastic lid,480,640,9d3f84f2a6d47896428f4bbe1211b5b10cbf4ceae21f33bd9b97e8823b143faa,val,1
1298,taco_001298.jpg,batch_7/000141.JPG,https://farm66.staticflickr.com/65535/47856361391_6133694458_o.png,https://farm66.staticflickr.com/65535/47856361391_db565bd6b5_z.jpg,CC BY 4.0 (TACO default for missing image license),Other plastic wrapper,480,640,871559c62da276a9e0dfd9cc5b9917590fbbedd2edca863d8005eb4a09b8c443,val,1
858,taco_000858.jpg,batch_3/IMG_4966.JPG,https://farm66.staticflickr.com/65535/47855816221_e514c48a18_o.png,https://farm66.staticflickr.com/65535/47855816221_1cf0c958d7_z.jpg,CC BY 4.0 (TACO default for missing image license),Other plastic; Plastic film,640,480,6f85b0272d3aeb91ffc27d413162242dbf32dbd20f8b35aef88f69fd0990f354,val,2
975,taco_000975.jpg,batch_5/000084.JPG,https://farm66.staticflickr.com/65535/32912020297_46cc9f2272_o.png,https://farm66.staticflickr.com/65535/32912020297_5d6c21d487_z.jpg,CC BY 4.0 (TACO default for missing image license),Clear plastic bottle; Plastic bottle cap,640,480,49cff0d0559ea1e6c3f3b40123d11ad6cbd9928458a73352eb17fd7fc5a44f60,val,2
1258,taco_001258.jpg,batch_7/000097.JPG,https://farm66.staticflickr.com/65535/47856343241_e2dcd962c0_o.png,https://farm66.staticflickr.com/65535/47856343241_7129408425_z.jpg,CC BY 4.0 (TACO default for missing image license),Plastic film,480,640,194f9d9e489e26295d6ea4bf8d8eddca370e7cf6ecfdd7fafafbb11832cdf96d,val,1
1003,taco_001003.jpg,batch_5/000104.JPG,https://farm66.staticflickr.com/65535/40889561193_18325208b2_o.png,https://farm66.staticflickr.com/65535/40889561193_6de09f7c9a_z.jpg,CC BY 4.0 (TACO default for missing image license),Corrugated carton,640,480,5622db3fb5036a9fd7ce51105dba8af846cb1d5e6c49c67218d5f24ceb0fa02d,val,1
823,taco_000823.jpg,batch_3/IMG_4877.JPG,https://farm66.staticflickr.com/65535/47066341784_fd4358784b_o.png,https://farm66.staticflickr.com/65535/47066341784_01ab4c2f20_z.jpg,CC BY 4.0 (TACO default for missing image license),Plastic film,480,640,fb70f827f7c5fef38f6059b4d6f270c190f4e8d0198d0cd77f04ec66ddf868ce,val,1
1108,taco_001108.jpg,batch_6/000071.JPG,https://farm66.staticflickr.com/65535/32912103027_976a121c96_o.png,https://farm66.staticflickr.com/65535/32912103027_4d9255e1eb_z.jpg,CC BY 4.0 (TACO default for missing image license),Plastic bottle cap,480,640,0fc1bba809792149e53ed5fd9a800be6e09eeb97be68f0c73421e27f6d99c01f,val,1
857,taco_000857.jpg,batch_3/IMG_4965.JPG,https://farm66.staticflickr.com/65535/47855812501_a2199dd0cf_o.png,https://farm66.staticflickr.com/65535/47855812501_a7fbc13e60_z.jpg,CC BY 4.0 (TACO default for missing image license),Single-use carrier bag,640,480,f3e30c617039b102ba1168091da6417c85ea8d1c675627eebc74d8d03aa722f7,val,1
919,taco_000919.jpg,batch_4/000049.JPG,https://farm66.staticflickr.com/65535/47066646504_c173924d8a_o.png,https://farm66.staticflickr.com/65535/47066646504_3f1d47a148_z.jpg,CC BY 4.0 (TACO default for missing image license),Other plastic,480,640,793189a5465a3ac272e952693383461c70d544c5ffebd0683fcf17eb4be82592,val,1
720,taco_000720.jpg,batch_2/000040.JPG,https://farm66.staticflickr.com/65535/40889057203_2d0d772075_o.png,https://farm66.staticflickr.com/65535/40889057203_0e5e5f927b_z.jpg,CC BY 4.0 (TACO default for missing image license),Disposable plastic cup,480,640,b833e0abd05deed8ad6f65b002b6f02b728992ad1f7ccd8a966ff1d1204d3007,val,1
1014,taco_001014.jpg,batch_5/000115.JPG,https://farm66.staticflickr.com/65535/47856167961_9aac7dee05_o.png,https://farm66.staticflickr.com/65535/47856167961_8bf9bc85a8_z.jpg,CC BY 4.0 (TACO default for missing image license),Plastic film,480,640,244de6d8c90e36e8f5ff2881d80dca18bc6b6268094fbcdd4b6acf37e4425490,val,1
1297,taco_001297.jpg,batch_7/000140.JPG,https://farm66.staticflickr.com/65535/33979043378_80be38eea5_o.png,https://farm66.staticflickr.com/65535/33979043378_87862688b2_z.jpg,CC BY 4.0 (TACO default for missing image license),Other plastic; Plastic bottle cap,480,640,1881e4d7808bdcc8fbc2e9a256132e04b27f0e0fe5a78a6cdc9784ed46131111,val,2
1107,taco_001107.jpg,batch_6/000072.JPG,https://farm66.staticflickr.com/65535/40889614263_2c83c7bf30_o.png,https://farm66.staticflickr.com/65535/40889614263_7909aec06a_z.jpg,CC BY 4.0 (TACO default for missing image license),Clear plastic bottle; Drink can; Other plastic; Other plastic bottle; Other plastic wrapper; Plastic bottle cap; Plastic film; Plastic lid; Plastic straw,480,640,a80d17dfb811f1a84b6f74f453fa7047d2930d1ad98c26adfc63635b2920f230,val,38
50,taco_000050.jpg,batch_1/000068.JPG,https://farm66.staticflickr.com/65535/40888893613_691904c622_o.png,https://farm66.staticflickr.com/65535/40888893613_4d171a62bf_z.jpg,CC BY 4.0 (TACO default for missing image license),Plastic straw,480,640,26a8ee95f508006077676ab3834521052158092a8e1d869e816694bc041c1894,val,1
869,taco_000869.jpg,batch_3/IMG_5063.JPG,https://farm66.staticflickr.com/65535/47803646592_d05fec505c_o.png,https://farm66.staticflickr.com/65535/47803646592_aa92489f71_z.jpg,CC BY 4.0 (TACO default for missing image license),Plastic lid,640,480,190f52ed76aa711d49fb19c29e7d2be57ddfa24e0fbb460adcbf1d94c1f90fe7,val,1
1151,taco_001151.jpg,batch_6/000025.JPG,https://farm66.staticflickr.com/65535/40889633543_dfa8d6a6b7_o.png,https://farm66.staticflickr.com/65535/40889633543_2a2510a310_z.jpg,CC BY 4.0 (TACO default for missing image license),Corrugated carton,640,480,858c21f635684f3cec37ac27845b18419cf29131ec1e21a1fc1e7174dfab7be0,val,1
691,taco_000691.jpg,batch_2/000007.JPG,https://farm66.staticflickr.com/65535/47066236714_a36e827a52_o.png,https://farm66.staticflickr.com/65535/47066236714_edb193d338_z.jpg,CC BY 4.0 (TACO default for missing image license),Drink can,480,640,5c596a9919f291fbeaef587858efe39a60e1d61e0e8cd6941fee578503cc70d7,val,1
1201,taco_001201.jpg,batch_7/000034.JPG,https://farm66.staticflickr.com/65535/40889667643_312318589a_o.png,https://farm66.staticflickr.com/65535/40889667643_8d13636c13_z.jpg,CC BY 4.0 (TACO default for missing image license),Metal bottle cap,480,640,b8b8a761066bed0811972748b0e4c6f7f0f6ef6f19de4295d4a78d17c964052c,val,1
1281,taco_001281.jpg,batch_7/000123.JPG,https://farm66.staticflickr.com/65535/33979034868_ef7720c35c_o.png,https://farm66.staticflickr.com/65535/33979034868_81ace1a997_z.jpg,CC BY 4.0 (TACO default for missing image license),Styrofoam piece,640,480,1d7fd5969ce32c08e8bfb9d1cd7e980f0c07bcd7ab70b916bf602197e116c238,val,1
900,taco_000900.jpg,batch_4/000025.JPG,https://farm66.staticflickr.com/65535/40889465533_947018b23d_o.png,https://farm66.staticflickr.com/65535/40889465533_7108b5325d_z.jpg,CC BY 4.0 (TACO default for missing image license),Plastic film,480,640,6fca131c4c22f6d070af239f9eed56355456a8bb45fd1700ffe44dd0a8965468,val,1
935,taco_000935.jpg,batch_4/000065.JPG,https://farm66.staticflickr.com/65535/40889493183_05e3b30c7d_o.png,https://farm66.staticflickr.com/65535/40889493183_70e9ee36f4_z.jpg,CC BY 4.0 (TACO default for missing image license),Other plastic,640,480,6b10fff67c960aa4cfd72303394e0f7317691d1be2a13d2d9a7e67c2433628de,val,2
796,taco_000796.jpg,batch_3/IMG_5045.JPG,https://farm66.staticflickr.com/65535/47855760881_9cb8ef2fb8_o.png,https://farm66.staticflickr.com/65535/47855760881_e126b1dd33_z.jpg,CC BY 4.0 (TACO default for missing image license),Other plastic wrapper,480,640,b4dccdc8df9e8496541bc78095074bc6efa9701bca3d3d17b5d6783d7aa1475e,val,1
938,taco_000938.jpg,batch_4/000070.JPG,https://farm66.staticflickr.com/65535/46939838965_d88f1e3f57_o.png,https://farm66.staticflickr.com/65535/46939838965_ea37819e68_z.jpg,CC BY 4.0 (TACO default for missing image license),Metal bottle cap,640,480,54433dc10aeee713d496375e952ebe94cd4ff9eab0c6faeea2bff4969a33b616,val,1
1023,taco_001023.jpg,batch_5/000006.JPG,https://farm66.staticflickr.com/65535/47856171891_ba06951d89_o.png,https://farm66.staticflickr.com/65535/47856171891_e667e91f6d_z.jpg,CC BY 4.0 (TACO default for missing image license),Other plastic wrapper,480,640,50d1fba749d0142a2d1fda17eb1eaedaf30cbebf8a6f357aa4ed130b55858f1a,val,2
1240,taco_001240.jpg,batch_7/000079.JPG,https://farm66.staticflickr.com/65535/32912184997_09fd2ec111_o.png,https://farm66.staticflickr.com/65535/32912184997_c135abbfb8_z.jpg,CC BY 4.0 (TACO default for missing image license),Clear plastic bottle; Plastic film,480,640,87cadd814577ec119942c90b58d8492a64d001f9e3a4e9deb224672d7feb1d75,val,4
724,taco_000724.jpg,batch_2/000044.JPG,https://farm66.staticflickr.com/65535/46939435375_7d5ca01d5c_o.png,https://farm66.staticflickr.com/65535/46939435375_4656408631_z.jpg,CC BY 4.0 (TACO default for missing image license),Clear plastic bottle; Plastic bottle cap,480,640,67a47ca0de6383fb2495ae84de2f51171d4263712c83f509d3537fe487c53633,val,2
22,taco_000022.jpg,batch_1/000049.jpg,https://farm66.staticflickr.com/65535/47066069044_d036243818_o.png,https://farm66.staticflickr.com/65535/47066069044_fb605dece1_z.jpg,CC BY 4.0 (TACO default for missing image license),Drink can; Pop tab,480,640,4fa1c933f8f601a98d868d88f45fdf5d61a2524a8c9b462fd537f91b8b7a4c28,val,2
990,taco_000990.jpg,batch_5/000099.JPG,https://farm66.staticflickr.com/65535/40889548653_f933f33e08_o.png,https://farm66.staticflickr.com/65535/40889548653_8689b3ffd8_z.jpg,CC BY 4.0 (TACO default for missing image license),Plastic film,480,640,499a073131cf4676888adf33e48ac4d1ee3e4f5bb6520816ab63ff2f7a166afc,val,1
838,taco_000838.jpg,batch_3/IMG_4913.JPG,https://farm66.staticflickr.com/65535/47066361194_ed970d6079_o.png,https://farm66.staticflickr.com/65535/47066361194_9532f1dbee_z.jpg,CC BY 4.0 (TACO default for missing image license),Glass jar; Metal lid; Single-use carrier bag,480,640,191a90273eb67ef152439a135ec9eabea7f088146067ae70b9a91e1fb901f649,val,5
834,taco_000834.jpg,batch_3/IMG_4901.JPG,https://farm66.staticflickr.com/65535/47855799451_044043d7b0_o.png,https://farm66.staticflickr.com/65535/47855799451_705535f717_z.jpg,CC BY 4.0 (TACO default for missing image license),Other plastic wrapper,480,640,814417125a4f93925fa6487b0f63514b8119187d7633eb4fd31f6a8647aa057e,val,1
1134,taco_001134.jpg,batch_6/000043.JPG,https://farm66.staticflickr.com/65535/46939979195_ea795fcdf0_o.png,https://farm66.staticflickr.com/65535/46939979195_a01a0c0b27_z.jpg,CC BY 4.0 (TACO default for missing image license),Other plastic wrapper; Plastic film,640,480,02413ca15bade3b87e59c3309bcaaaa79e476bdb5293df8b020937751da87d84,val,2
25,taco_000025.jpg,batch_1/000021.jpg,https://farm66.staticflickr.com/65535/46939254645_8c2662f96c_o.png,https://farm66.staticflickr.com/65535/46939254645_d86872df65_z.jpg,CC BY 4.0 (TACO default for missing image license),Glass bottle; Other plastic wrapper,640,480,dc9da4ffbdc46393eabc8fee40c3748508ff702c18dbfabd3d13f8460b74fbff,val,2
1088,taco_001088.jpg,batch_6/000093.JPG,https://farm66.staticflickr.com/65535/40889609553_961d6ab4a3_o.png,https://farm66.staticflickr.com/65535/40889609553_68e0f01359_z.jpg,CC BY 4.0 (TACO default for missing image license),Clear plastic bottle; Plastic bottle cap,640,480,5feebceab662a141ec9b6ce5d9148de8738fd8fa3794d2b95f98771af3c2509a,val,2
926,taco_000926.jpg,batch_4/000056.JPG,https://farm66.staticflickr.com/65535/40889486553_93b2491397_o.png,https://farm66.staticflickr.com/65535/40889486553_d12c5888ae_z.jpg,CC BY 4.0 (TACO default for missing image license),Other plastic,640,480,24ff5ec780ac6de861959c029762b8ccb79d8e720790f05453ebe17c618e8ad3,val,1
1216,taco_001216.jpg,batch_7/000052.JPG,https://farm66.staticflickr.com/65535/32912165427_1515e6b752_o.png,https://farm66.staticflickr.com/65535/32912165427_bf2471f703_z.jpg,CC BY 4.0 (TACO default for missing image license),Other plastic,640,480,991fd7512aa76271a0f99c5e5f1821da504c1af5c06f51146fa3aab54024ea1a,val,1
26,taco_000026.jpg,batch_1/000022.jpg,https://farm66.staticflickr.com/65535/46939254875_9da2bf390c_o.png,https://farm66.staticflickr.com/65535/46939254875_30ebf38f12_z.jpg,CC BY 4.0 (TACO default for missing image license),Glass bottle; Other plastic wrapper,640,480,2cbba0fd59b0ca8b95ff0fb85a3d301cc66205b7077fbf564259a83c13f947a4,val,2
882,taco_000882.jpg,batch_4/000005.JPG,https://farm66.staticflickr.com/65535/47803876532_0a3a6fde15_o.png,https://farm66.staticflickr.com/65535/47803876532_10c2ea5b37_z.jpg,CC BY 4.0 (TACO default for missing image license),Disposable plastic cup,640,480,25962448e459c1a4b554771e6d0360eeade0bc9954bacf58050a3957ace27b9a,val,1
712,taco_000712.jpg,batch_2/000032.JPG,https://farm66.staticflickr.com/65535/40889052653_689d5db6b7_o.png,https://farm66.staticflickr.com/65535/40889052653_d2e59f668f_z.jpg,CC BY 4.0 (TACO default for missing image license),Tissues,480,640,ff92cbc256713de8a10145d0fedc89936fb47cd8d252cfa64c240595e62332b5,val,1
751,taco_000751.jpg,batch_2/000074.JPG,https://farm66.staticflickr.com/65535/47855717521_a445d8354d_o.png,https://farm66.staticflickr.com/65535/47855717521_6e91e332d6_z.jpg,CC BY 4.0 (TACO default for missing image license),Glass bottle; Plastic straw,640,480,67d5be360873f43368d887d41f3d02f636771d84d972234732cf15a0ec980e82,val,2
81,taco_000081.jpg,batch_1/000102.JPG,https://farm66.staticflickr.com/65535/47803367282_a0c4d52b81_o.png,https://farm66.staticflickr.com/65535/47803367282_957934fcae_z.jpg,CC BY 4.0 (TACO default for missing image license),Corrugated carton,480,640,c226c24db03a1f096d3d77414d1f87dc46aa13590b83d9480dd398bbb7af8bfa,val,3
921,taco_000921.jpg,batch_4/000051.JPG,https://farm66.staticflickr.com/65535/40889482533_4e8e659fe1_o.png,https://farm66.staticflickr.com/65535/40889482533_cfb7fc3269_z.jpg,CC BY 4.0 (TACO default for missing image license),Aluminium foil,480,640,838a6f69a938cd02ec8e5173dd8436b0da3caee1e5b10aefa6bce23a2c58b786,val,1
956,taco_000956.jpg,batch_4/000090.JPG,https://farm66.staticflickr.com/65535/33978819018_75bea1b617_o.png,https://farm66.staticflickr.com/65535/33978819018_cb4c674776_z.jpg,CC BY 4.0 (TACO default for missing image license),Plastic straw,480,640,7bf5d92019827f5ed240bcaa4de832bf213e6690b855fff9bb9fd23b6d1b41cd,val,1
813,taco_000813.jpg,batch_3/IMG_4856.JPG,https://farm66.staticflickr.com/65535/46939502875_00471bb698_o.png,https://farm66.staticflickr.com/65535/46939502875_02ea70c1d9_z.jpg,CC BY 4.0 (TACO default for missing image license),Plastic film,640,480,dc6d38ffc190615797cbde1d10b0517569e8590c2492bb350f92278d2de03cdc,val,1
798,taco_000798.jpg,batch_3/IMG_5048.JPG,https://farm66.staticflickr.com/65535/32911653737_fc63a11d00_o.png,https://farm66.staticflickr.com/65535/32911653737_59c00e2b37_z.jpg,CC BY 4.0 (TACO default for missing image license),Other plastic wrapper,480,640,07bd4c0b7415acbf5e9ab1529627227abf0f73fb00c33092e496002d0c9306b2,val,1
709,taco_000709.jpg,batch_2/000027.JPG,https://farm66.staticflickr.com/65535/40889051333_0ecd8d4a91_o.png,https://farm66.staticflickr.com/65535/40889051333_81abfa7a87_z.jpg,CC BY 4.0 (TACO default for missing image license),Drink can,640,480,c4c4e377a046137151babf0d273ef2dd3d1ae2f9677b609f43a9bc60b8413511,val,5
744,taco_000744.jpg,batch_2/000067.JPG,https://farm66.staticflickr.com/65535/40889074593_32c7d897ff_o.png,https://farm66.staticflickr.com/65535/40889074593_216d0d08a6_z.jpg,CC BY 4.0 (TACO default for missing image license),Other plastic wrapper,640,480,1740ae90f9957a5c0a32ae5d0ab98e974795b37cb98b34b17458dc73d608ed7e,val,1
901,taco_000901.jpg,batch_4/000026.JPG,https://farm66.staticflickr.com/65535/47803894072_070ca32f9d_o.png,https://farm66.staticflickr.com/65535/47803894072_7b7be690aa_z.jpg,CC BY 4.0 (TACO default for missing image license),Other plastic cup,480,640,d263a964773c3f59213f34b74f7f07a5fe6c4323be46671b0e945f15d0d2d9b7,val,1
1070,taco_001070.jpg,batch_5/000056.JPG,https://farm66.staticflickr.com/65535/47066745174_ae588a3097_o.png,https://farm66.staticflickr.com/65535/47066745174_0a6f1db8e0_z.jpg,CC BY 4.0 (TACO default for missing image license),Plastic lid,480,640,a82c88e3af1cf0b43c9196da9f9a7912f71a64869cddba78eb2d7163d5729956,val,1
1223,taco_001223.jpg,batch_7/000060.JPG,https://farm66.staticflickr.com/65535/47066851724_847beb4507_o.png,https://farm66.staticflickr.com/65535/47066851724_dee91a797e_z.jpg,CC BY 4.0 (TACO default for missing image license),Other plastic wrapper,480,640,1397dfa1baa6e420a9297b58d3fac94d96e3e8d5b7bf2ff146feca0b2412e03f,val,1
964,taco_000964.jpg,batch_5/000071.JPG,https://farm66.staticflickr.com/65535/40889529623_48864d0311_o.png,https://farm66.staticflickr.com/65535/40889529623_07cdfb2469_z.jpg,CC BY 4.0 (TACO default for missing image license),Clear plastic bottle; Other plastic,480,640,f53bfb1a835a57383099f24de36295e9596708cc336e63e50fe0f5dac05efb59,val,3
1280,taco_001280.jpg,batch_7/000122.JPG,https://farm66.staticflickr.com/65535/47856354081_8cc16e9cfc_o.png,https://farm66.staticflickr.com/65535/47856354081_ecd2b93a28_z.jpg,CC BY 4.0 (TACO default for missing image license),Other plastic; Plastic film,640,480,f20857a96fd466966250f38f2187137de4fb47664b6e77fb1a43098e7460aad1,val,6
785,taco_000785.jpg,batch_3/IMG_4997.JPG,https://farm66.staticflickr.com/65535/47066308414_294f3bab84_o.png,https://farm66.staticflickr.com/65535/47066308414_c395d0463f_z.jpg,CC BY 4.0 (TACO default for missing image license),Drink can,480,640,bb683130eaac5c5f2c55775a93335bec04090a127f8fe3273a27d2ae3d13fdb3,val,1
1286,taco_001286.jpg,batch_7/000128.JPG,https://farm66.staticflickr.com/65535/47066879704_388dc72e49_o.png,https://farm66.staticflickr.com/65535/47066879704_35218530b5_z.jpg,CC BY 4.0 (TACO default for missing image license),Plastic film,640,480,294b0126824cc28f8fe60bb053a041d08cdb0a8ac7e4941870d914186e7295e4,val,1
1276,taco_001276.jpg,batch_7/000118.JPG,https://farm66.staticflickr.com/65535/46940073945_8c2db71643_o.png,https://farm66.staticflickr.com/65535/46940073945_f677bca74a_z.jpg,CC BY 4.0 (TACO default for missing image license),Drink can,640,480,ddef01fa0b98b9f5be7f91ca6aa4f01b6a91efa24586a2445d677fc65ee1e1d4,val,1
808,taco_000808.jpg,batch_3/IMG_5058.JPG,https://farm66.staticflickr.com/65535/33978435108_b914bc70dc_o.png,https://farm66.staticflickr.com/65535/33978435108_1c4ae54db8_z.jpg,CC BY 4.0 (TACO default for missing image license),Drink can,480,640,ea30ac589f91e22e7c731d26abb61c1faee7c7dd71be3f6e4638da274b1b870f,val,1
886,taco_000886.jpg,batch_4/000009.JPG,https://farm66.staticflickr.com/65535/40889457013_e2128c4e13_o.png,https://farm66.staticflickr.com/65535/40889457013_cb88d7685a_z.jpg,CC BY 4.0 (TACO default for missing image license),Other plastic,480,640,a76bf727d3bb57e8d2c805ab9c7cccdc80a39651f631e3c1ab1e1633921a0ecf,val,1
1149,taco_001149.jpg,batch_6/000027.JPG,https://farm66.staticflickr.com/65535/32912127567_77eea99af6_o.png,https://farm66.staticflickr.com/65535/32912127567_2dfc9f8c8b_z.jpg,CC BY 4.0 (TACO default for missing image license),Disposable plastic cup,640,480,05d69b725f82cab28d4fa09c1a844f6478102cd3c8f5273193fb41287d315a23,val,1
818,taco_000818.jpg,batch_3/IMG_4868.JPG,https://farm66.staticflickr.com/65535/46939504865_7b9ef9e98d_o.png,https://farm66.staticflickr.com/65535/46939504865_74e2612c5c_z.jpg,CC BY 4.0 (TACO default for missing image license),Drink can; Pop tab,480,640,dc128a1112b51bae926a484923daaf3121b37f30647b9dc65471ddf577e910ab,val,2
1269,taco_001269.jpg,batch_7/000110.JPG,https://farm66.staticflickr.com/65535/47856348611_5233bc9a4c_o.png,https://farm66.staticflickr.com/65535/47856348611_19de127938_z.jpg,CC BY 4.0 (TACO default for missing image license),Other plastic bottle; Plastic bottle cap,480,640,9d2d25eb74b15dea3a7927032b2a9cdbd2d10f17e19e09e223e744067ddcddab,val,2
1204,taco_001204.jpg,batch_7/000037.JPG,https://farm66.staticflickr.com/65535/47856299771_06f8aab299_o.png,https://farm66.staticflickr.com/65535/47856299771_1e542e04b9_z.jpg,CC BY 4.0 (TACO default for missing image license),Disposable plastic cup,480,640,f6667b91a828d11f6e949b1a61018324da36d697f4fcfa85b40488b33412074e,val,1
1179,taco_001179.jpg,batch_7/000006.JPG,https://farm66.staticflickr.com/65535/46940016965_702a266c50_o.png,https://farm66.staticflickr.com/65535/46940016965_9a3ca671f6_z.jpg,CC BY 4.0 (TACO default for missing image license),Corrugated carton; Other plastic,640,427,1ef94cec93d4e3d513b3ffebdc2c45bf384215ce742a15a32664eaed75589646,test,2
67,taco_000067.jpg,batch_1/000088.JPG,https://farm66.staticflickr.com/65535/47855527831_bcdc279cef_o.png,https://farm66.staticflickr.com/65535/47855527831_2048361a88_z.jpg,CC BY 4.0 (TACO default for missing image license),Food Can; Glass jar; Metal lid; Tissues,480,640,a37b3c45415a2b60542e8e90cfbd74848833da1b1a12ff21ac9861dad4ded36a,test,4
801,taco_000801.jpg,batch_3/IMG_5051.JPG,https://farm66.staticflickr.com/65535/40889139803_21bc7c7c60_o.png,https://farm66.staticflickr.com/65535/40889139803_121c492ec7_z.jpg,CC BY 4.0 (TACO default for missing image license),Pop tab,480,640,51b89e4e0d8fdc40ce34c801b7f99b484a5d00b35c646bbf5ac3f8b23baea630,test,1
1012,taco_001012.jpg,batch_5/000113.JPG,https://farm66.staticflickr.com/65535/40889565903_b6e50dcb60_o.png,https://farm66.staticflickr.com/65535/40889565903_150de79f83_z.jpg,CC BY 4.0 (TACO default for missing image license),Plastic film,640,480,94404fea75db99e6af5fa51aad9fc4f8a6dbd4a87e241aed1dd1eab7097d4f01,test,1
1170,taco_001170.jpg,batch_6/000003.JPG,https://farm66.staticflickr.com/65535/47856270291_f4d44f5558_o.png,https://farm66.staticflickr.com/65535/47856270291_952e66b1bc_z.jpg,CC BY 4.0 (TACO default for missing image license),Plastic utensils,480,640,3819a18a71b193d321358eefe5fb0c01b6d9e5cbf81833fe95618799396a8e71,test,1
764,taco_000764.jpg,batch_2/000049.JPG,https://farm66.staticflickr.com/65535/47066278544_8b37ffcd4f_o.png,https://farm66.staticflickr.com/65535/47066278544_072c7f6ca1_z.jpg,CC BY 4.0 (TACO default for missing image license),Clear plastic bottle; Disposable plastic cup; Drink can; Glass bottle; Plastic lid; Plastic straw,639,495,b1d62295fb4c8c9ca7a63f1b19bd6e488f0be17cd779e2ffbcf37067fa584b24,test,9
713,taco_000713.jpg,batch_2/000033.JPG,https://farm66.staticflickr.com/65535/32911565907_5506233aea_o.png,https://farm66.staticflickr.com/65535/32911565907_6761524a67_z.jpg,CC BY 4.0 (TACO default for missing image license),Drink can,480,640,d65b3929696b0de7be58de3f11426504e02a576605ae01fe704209519d423fbb,test,1
1121,taco_001121.jpg,batch_6/000056.JPG,https://farm66.staticflickr.com/65535/47066783694_e124995508_o.png,https://farm66.staticflickr.com/65535/47066783694_00d65f5f59_z.jpg,CC BY 4.0 (TACO default for missing image license),Aluminium foil; Clear plastic bottle,640,480,bdaca08417014fd01b685bd24100d10a6b6ad8a9da9af47e1bad432e1f6a1346,test,4
1032,taco_001032.jpg,batch_5/000015.JPG,https://farm66.staticflickr.com/65535/47856178921_9879440339_o.png,https://farm66.staticflickr.com/65535/47856178921_ab049b0477_z.jpg,CC BY 4.0 (TACO default for missing image license),Aluminium foil; Disposable plastic cup; Drink can; Other plastic; Pop tab,480,640,f33720ad8ba3ebac000bdca7981c8680f645d18a6bca7d27732578722b15227c,test,10
28,taco_000028.jpg,batch_1/000024.jpg,https://farm66.staticflickr.com/65535/46939255385_13b538e7bb_o.png,https://farm66.staticflickr.com/65535/46939255385_3ecbdfafce_z.jpg,CC BY 4.0 (TACO default for missing image license),Clear plastic bottle; Drink can,480,640,cb6d61baa0ecb2a749a26502e46ae667facdae53d5dffbfeac54f31daf3e7453,test,3
1278,taco_001278.jpg,batch_7/000120.JPG,https://farm66.staticflickr.com/65535/40889725543_444af0ef2a_o.png,https://farm66.staticflickr.com/65535/40889725543_99d86b7725_z.jpg,CC BY 4.0 (TACO default for missing image license),Other plastic; Styrofoam piece,640,480,53b375f0fa15e0e9a6225dca64d0ee017f1db5eb717b3527a572dd1b0fefb90b,test,4
94,taco_000094.jpg,batch_1/000121.JPG,https://farm66.staticflickr.com/65535/47855542611_d2f2e144cf_o.png,https://farm66.staticflickr.com/65535/47855542611_14e67897d9_z.jpg,CC BY 4.0 (TACO default for missing image license),Metal bottle cap; Plastic bottle cap,480,640,082362f9861b1c2d4fd28bc92a8777f041db7adaa4ebcdf8b02e1512d75f8f8d,test,2
1093,taco_001093.jpg,batch_6/000088.JPG,https://farm66.staticflickr.com/65535/33978921268_41eba8cf37_o.png,https://farm66.staticflickr.com/65535/33978921268_56b0a1ef24_z.jpg,CC BY 4.0 (TACO default for missing image license),Aluminium foil,639,410,5765c35e1f976ccf3f16d68a220028138f0bdd2cf0250f9f573e98ddcc826944,test,1
955,taco_000955.jpg,batch_4/000089.JPG,https://farm66.staticflickr.com/65535/46939849795_ab39ab57e3_o.png,https://farm66.staticflickr.com/65535/46939849795_49d5704940_z.jpg,CC BY 4.0 (TACO default for missing image license),Other plastic wrapper,480,640,c067d1b99b2e2769ff8973066d7c9bd4d635a7200717d0e5e8f5d21359e95762,test,1
1011,taco_001011.jpg,batch_5/000112.JPG,https://farm66.staticflickr.com/65535/33978865458_1706739a49_o.png,https://farm66.staticflickr.com/65535/33978865458_7502ba253f_z.jpg,CC BY 4.0 (TACO default for missing image license),Plastic film,480,640,c63dfe898fde0f5323c8c933c88782e4b6908189cac401bdf92646dc3542f31f,test,1
1022,taco_001022.jpg,batch_5/000005.JPG,https://farm66.staticflickr.com/65535/40889570153_ea44226bfb_o.png,https://farm66.staticflickr.com/65535/40889570153_0afa540bc9_z.jpg,CC BY 4.0 (TACO default for missing image license),Aluminium foil; Clear plastic bottle; Drink can; Metal bottle cap,640,480,04ede66063260ad3906c9f96c5388c6b50eeadafb691bb5c49d91d68aab95d1f,test,5
922,taco_000922.jpg,batch_4/000052.JPG,https://farm66.staticflickr.com/65535/32911977467_1b3447816d_o.png,https://farm66.staticflickr.com/65535/32911977467_7fa0bdb04e_z.jpg,CC BY 4.0 (TACO default for missing image license),Plastic film,480,640,56fdf3e430c6413378022bb6bec6168d3efe928d7787a73276163fcbd2894d0f,test,1
850,taco_000850.jpg,batch_3/IMG_4934.JPG,https://farm66.staticflickr.com/65535/33978469938_c6c1cb997a_o.png,https://farm66.staticflickr.com/65535/33978469938_7e228c587e_z.jpg,CC BY 4.0 (TACO default for missing image license),Normal paper,480,640,28fc9b8f743d97f367e48bfd985cdab520e737d0910e7ab5aa28264dd90ee8ce,test,3
15,taco_000015.jpg,batch_1/000058.jpg,https://farm66.staticflickr.com/65535/46939252345_1059f19aa3_o.png,https://farm66.staticflickr.com/65535/46939252345_2a66fc213a_z.jpg,CC BY 4.0 (TACO default for missing image license),Other plastic bottle; Plastic bottle cap,480,640,dd0ae09c8caae408cdf8fed69c42835e1a90563e6d5c7385cc8a193ee5bbace7,test,3
1028,taco_001028.jpg,batch_5/000011.JPG,https://farm66.staticflickr.com/65535/32912037837_3f846d74c0_o.png,https://farm66.staticflickr.com/65535/32912037837_2f83914db7_z.jpg,CC BY 4.0 (TACO default for missing image license),Drink can; Pop tab,480,640,50c619337e201022a77c7c3d08d86c11078122c3172d77e7bdfcc3803df7c882,test,2
946,taco_000946.jpg,batch_4/000080.JPG,https://farm66.staticflickr.com/65535/33978812298_5d8ceb28c0_o.png,https://farm66.staticflickr.com/65535/33978812298_947674ece2_z.jpg,CC BY 4.0 (TACO default for missing image license),Other plastic; Plastic bottle cap,640,480,a754487c8ae6879e0f0dbc8925bd81332ccbb647b530de86a5c1c370cffd818e,test,2
710,taco_000710.jpg,batch_2/000029.JPG,https://farm66.staticflickr.com/65535/32911564227_fdc6cac581_o.png,https://farm66.staticflickr.com/65535/32911564227_74f93cca57_z.jpg,CC BY 4.0 (TACO default for missing image license),Drink can,480,640,60ec174e6c95643d0c3823aae23935845948e8847076dc6ce77b674b0bf7471a,test,2
1199,taco_001199.jpg,batch_7/000031.JPG,https://farm66.staticflickr.com/65535/40889665973_e0d8ba8656_o.png,https://farm66.staticflickr.com/65535/40889665973_65f9ccb919_z.jpg,CC BY 4.0 (TACO default for missing image license),Plastic lid,480,640,659ed76d092e447fcd2bafdd336c72afa723e03784dd618268b3ff398beca924,test,1
1091,taco_001091.jpg,batch_6/000090.JPG,https://farm66.staticflickr.com/65535/32912095787_1e9a2c02e4_o.png,https://farm66.staticflickr.com/65535/32912095787_4d427a59f7_z.jpg,CC BY 4.0 (TACO default for missing image license),Clear plastic bottle,640,480,15f38dfe98c62cbf2dbd4b13ec9b48a898de1c9fecf4bbd8b0a6de247f272ea9,test,1
993,taco_000993.jpg,batch_5/000063.JPG,https://farm66.staticflickr.com/65535/40889551513_edfb0021ce_o.png,https://farm66.staticflickr.com/65535/40889551513_b7a36844d2_z.jpg,CC BY 4.0 (TACO default for missing image license),Normal paper,480,640,f263291684122bc1b09ffbd6987de6cdb5ddaaf369282966d7a1992cb30a8bab,test,1
906,taco_000906.jpg,batch_4/000034.JPG,https://farm66.staticflickr.com/65535/47803897382_4b1f4fba86_o.png,https://farm66.staticflickr.com/65535/47803897382_e17547345b_z.jpg,CC BY 4.0 (TACO default for missing image license),Styrofoam piece,640,480,49f3984885738a169f588b29e790c34173ea4965681d18882b5163b977172f45,test,1
888,taco_000888.jpg,batch_4/000011.JPG,https://farm66.staticflickr.com/65535/33978770438_1a4377bdd9_o.png,https://farm66.staticflickr.com/65535/33978770438_9cdd910d69_z.jpg,CC BY 4.0 (TACO default for missing image license),Other plastic; Plastic lid,480,640,33d239307763940725c98f40925d21f461dc2fea130863d8851f7f36b1ebe6d0,test,3
974,taco_000974.jpg,batch_5/000083.JPG,https://farm66.staticflickr.com/65535/32912019897_cb8f112e88_o.png,https://farm66.staticflickr.com/65535/32912019897_1c581d2a05_z.jpg,CC BY 4.0 (TACO default for missing image license),Clear plastic bottle; Plastic bottle cap,640,480,939f015ecb1424cf32234640ca90e3c850a126d18684b913479a0ee4a6a46b8c,test,2
816,taco_000816.jpg,batch_3/IMG_4862.JPG,https://farm66.staticflickr.com/65535/47803608982_b3b6899025_o.png,https://farm66.staticflickr.com/65535/47803608982_aa807b065f_z.jpg,CC BY 4.0 (TACO default for missing image license),Aluminium foil; Plastic bottle cap,480,640,994a242b05b8e891586a6592fd769a481a0d89c6f1e601513ea27c596db20ff9,test,2
779,taco_000779.jpg,batch_3/IMG_4977.JPG,https://farm66.staticflickr.com/65535/47855755661_7e607f98f3_o.png,https://farm66.staticflickr.com/65535/47855755661_b3220d00da_z.jpg,CC BY 4.0 (TACO default for missing image license),Drink can,480,640,99a4ff377a6556901133401c075e2712f250e163ba0d9a8a880090c4b9440741,test,1
1054,taco_001054.jpg,batch_5/000038.JPG,https://farm66.staticflickr.com/65535/47066733514_eed8063a44_o.png,https://farm66.staticflickr.com/65535/47066733514_64143e4e61_z.jpg,CC BY 4.0 (TACO default for missing image license),Plastic film; Styrofoam piece,480,640,47151bf337ebc2ec623db95eee3bb0cc0543fba1d22b456c56968a5c6d6866ed,test,2
839,taco_000839.jpg,batch_3/IMG_4914.JPG,https://farm66.staticflickr.com/65535/40889179093_864623dfd3_o.png,https://farm66.staticflickr.com/65535/40889179093_4ca8997bfc_z.jpg,CC BY 4.0 (TACO default for missing image license),Glass jar; Metal bottle cap; Metal lid,480,640,02951aef3c851c38bf2482ab25379a41ab46e3014c35fda76973ed4a66274d69,test,5
723,taco_000723.jpg,batch_2/000043.JPG,https://farm66.staticflickr.com/65535/32911574107_77eb69b244_o.png,https://farm66.staticflickr.com/65535/32911574107_eedce0331a_z.jpg,CC BY 4.0 (TACO default for missing image license),Drink can,480,640,890bf994d685f2c52e01e6e6b46ac521bfd99d07a20aab13f7a6640450ac1ac4,test,2
1184,taco_001184.jpg,batch_7/000013.JPG,https://farm66.staticflickr.com/65535/47856291101_09de0e5797_o.png,https://farm66.staticflickr.com/65535/47856291101_f72052827f_z.jpg,CC BY 4.0 (TACO default for missing image license),Aluminium foil; Magazine paper,640,480,b60e52e9df4da4d1efef537f95aa0f81708ed072eaf0e499dda6da350d8dea4a,test,2
769,taco_000769.jpg,batch_2/000092.JPG,https://farm66.staticflickr.com/65535/32911605027_cb8da2ed42_o.png,https://farm66.staticflickr.com/65535/32911605027_bc8cf915f7_z.jpg,CC BY 4.0 (TACO default for missing image license),Other plastic wrapper,640,480,c8b5fa7ee4b5992b77f1daa04211bcf8b272677dbe36707cdafa8fdb76ade190,test,1
1140,taco_001140.jpg,batch_6/000037.JPG,https://farm66.staticflickr.com/65535/32912123087_34c2480e92_o.png,https://farm66.staticflickr.com/65535/32912123087_f3b09ed7d9_z.jpg,CC BY 4.0 (TACO default for missing image license),Clear plastic bottle; Other plastic; Other plastic wrapper,640,480,a509596637a171c0c8af292463f34b9d5f01582756ef17e6e4686bc8519f64ea,test,6
998,taco_000998.jpg,batch_5/000069.JPG,https://farm66.staticflickr.com/65535/33978860278_57a88dea2c_o.png,https://farm66.staticflickr.com/65535/33978860278_6fb3666bb7_z.jpg,CC BY 4.0 (TACO default for missing image license),Normal paper; Other plastic wrapper,480,640,03c6278681df29e0004670f6bc74a89376e6e18ee1a66bc9189b4136df762fa0,test,2
1113,taco_001113.jpg,batch_6/000065.JPG,https://farm66.staticflickr.com/65535/47066779864_49002eaafa_o.png,https://farm66.staticflickr.com/65535/47066779864_5e560efcc1_z.jpg,CC BY 4.0 (TACO default for missing image license),Clear plastic bottle; Plastic bottle cap; Single-use carrier bag,480,640,54afac88483490e5b612299ece3e9d3c39f82e3fec4d043b6ab91a13683cff52,test,4
777,taco_000777.jpg,batch_2/000084.JPG,https://farm66.staticflickr.com/65535/46939458455_f45f4e6765_o.png,https://farm66.staticflickr.com/65535/46939458455_6653bf93a1_z.jpg,CC BY 4.0 (TACO default for missing image license),Other plastic wrapper,640,468,05cd3d7d94eb5d5847ba42542bc4c5d2a3a0f96cf3515481d7fcf69655165eec,test,1
16,taco_000016.jpg,batch_1/000060.jpg,https://farm66.staticflickr.com/65535/33978204438_b8c0c2b2c9_o.png,https://farm66.staticflickr.com/65535/33978204438_f7bcf7de70_z.jpg,CC BY 4.0 (TACO default for missing image license),Normal paper,480,640,9b64574400377c2c1bdf85c0b871cad380e5e09808bb1f66e34ad1a4eae09cbe,test,1
754,taco_000754.jpg,batch_2/000077.JPG,https://farm66.staticflickr.com/65535/46939449615_99e5e48d6a_o.png,https://farm66.staticflickr.com/65535/46939449615_ef8eeec1ce_z.jpg,CC BY 4.0 (TACO default for missing image license),Paper bag,480,640,d926edfb64d4e6d9a8493561b1e2f9a9ab152d0cd32bad8ac753a2ad3d16fe52,test,1
1188,taco_001188.jpg,batch_7/000017.JPG,https://farm66.staticflickr.com/65535/46940024775_99b0a2547c_o.png,https://farm66.staticflickr.com/65535/46940024775_7362029c75_z.jpg,CC BY 4.0 (TACO default for missing image license),Clear plastic bottle,640,480,ce3e6718049f9a3773b94c1393587164e27267e6bc3821d549dbbd745407c97d,test,1
1274,taco_001274.jpg,batch_7/000115.JPG,https://farm66.staticflickr.com/65535/46940072385_b0635181a9_o.png,https://farm66.staticflickr.com/65535/46940072385_aa3d100817_z.jpg,CC BY 4.0 (TACO default for missing image license),Styrofoam piece,640,480,c4be6bd7bd978707b2b46656e6c3b08142abd46efd63d154cca6d40942500287,test,1
729,taco_000729.jpg,batch_2/000051.JPG,https://farm66.staticflickr.com/65535/46939437955_7a28effbcf_o.png,https://farm66.staticflickr.com/65535/46939437955_ef1c0e9e30_z.jpg,CC BY 4.0 (TACO default for missing image license),Clear plastic bottle; Plastic bottle cap,480,640,28504f3dc719db8aa1b7ae004fd438d070155115dfa54cb0961152b187fda634,test,2
736,taco_000736.jpg,batch_2/000058.JPG,https://farm66.staticflickr.com/65535/47855710851_fb7d20bc58_o.png,https://farm66.staticflickr.com/65535/47855710851_9577db1e4a_z.jpg,CC BY 4.0 (TACO default for missing image license),Other plastic wrapper,480,640,a185e3dffbdc369be5dc8da3fa9b6fc82baa76b7442ec4caab4dec4f8c26c899,test,1
1101,taco_001101.jpg,batch_6/000078.JPG,https://farm66.staticflickr.com/65535/47066774434_b932933f37_o.png,https://farm66.staticflickr.com/65535/47066774434_756a21669b_z.jpg,CC BY 4.0 (TACO default for missing image license),Clear plastic bottle; Glass bottle,640,480,9b6a69c99263a7282225953fc93e41acf0363df285224e6e524b3579b3cf7a73,test,4
1159,taco_001159.jpg,batch_6/000017.JPG,https://farm66.staticflickr.com/65535/46939990835_7d094db7be_o.png,https://farm66.staticflickr.com/65535/46939990835_9d8849c80f_z.jpg,CC BY 4.0 (TACO default for missing image license),Aluminium foil; Clear plastic bottle,480,640,a28c00de455d873f40997aa96e529bf963081078b3404ca44564c3f97df099e3,test,4
1046,taco_001046.jpg,batch_5/000029.JPG,https://farm66.staticflickr.com/65535/32912051967_85e013f756_o.png,https://farm66.staticflickr.com/65535/32912051967_4f00d8fe3f_z.jpg,CC BY 4.0 (TACO default for missing image license),Other plastic; Other plastic wrapper; Plastic lid; Plastic straw,480,640,8d5bddaafc94d87fc92a6f378a3a28266f78d8e4f2a42cf5b9c09b145c224df1,test,4
1293,taco_001293.jpg,batch_7/000136.JPG,https://farm66.staticflickr.com/65535/47804098422_7cbd7f77b6_o.png,https://farm66.staticflickr.com/65535/47804098422_1aaffa390e_z.jpg,CC BY 4.0 (TACO default for missing image license),Normal paper; Other plastic,640,480,1f1c95315d574d2713c1e6e08fbae0972b293812c46effa775553ff1c5e65e6b,test,2
715,taco_000715.jpg,batch_2/000035.JPG,https://farm66.staticflickr.com/65535/40889054403_4e68dbc99b_o.png,https://farm66.staticflickr.com/65535/40889054403_6aaedf1658_z.jpg,CC BY 4.0 (TACO default for missing image license),Drink can; Other plastic wrapper; Plastic film,480,640,18333326a8b13ce7dd2c642b77c413e890f41463fd8e431f547bcbb17d9a1205,test,4
1226,taco_001226.jpg,batch_7/000064.JPG,https://farm66.staticflickr.com/65535/47804074052_5519dc2e3c_o.png,https://farm66.staticflickr.com/65535/47804074052_b5fb1b51f6_z.jpg,CC BY 4.0 (TACO default for missing image license),Other plastic wrapper; Plastic film,640,480,d99115bdc5572c04d02dae569b15434f188ac55b5e5c3b94c2ead11b24780c3e,test,3
5,taco_000005.jpg,batch_1/000047.jpg,https://farm66.staticflickr.com/65535/33978200068_c6eed416ac_o.png,https://farm66.staticflickr.com/65535/33978200068_9cd0d8f6a2_z.jpg,CC BY 4.0 (TACO default for missing image license),Food Can; Other plastic bottle; Plastic bottle cap; Pop tab,640,480,54f2c851285612fc066bedb1ba0df50362032182ef14a53543e3fae44920c649,test,6
96,taco_000096.jpg,batch_1/000004.jpg,https://farm66.staticflickr.com/65535/33978235498_aa4fe1aa2f_o.png,https://farm66.staticflickr.com/65535/33978235498_d9ac1f1469_z.jpg,CC BY 4.0 (TACO default for missing image license),Drink can,639,387,c75a034c86b484618e5503b8772a583565f29615bee74f85aac2a6f7eb3df514,test,1
892,taco_000892.jpg,batch_4/000015.JPG,https://farm66.staticflickr.com/65535/40889461533_95831c5b8f_o.png,https://farm66.staticflickr.com/65535/40889461533_5d800fd4c0_z.jpg,CC BY 4.0 (TACO default for missing image license),Plastic film,480,640,2f60e43c9ac10d1008a2e183f9da355df6efba4e409c4d8f2046b3b47461cb5a,test,1
1136,taco_001136.jpg,batch_6/000041.JPG,https://farm66.staticflickr.com/65535/47066791774_6e50e6286d_o.png,https://farm66.staticflickr.com/65535/47066791774_17a517c742_z.jpg,CC BY 4.0 (TACO default for missing image license),Aluminium foil; Paper bag,640,480,67f7560a1d622e0209fb1c3a1b7d8db9062dd25b908ba1b0fccbda46c2bd4255,test,3
99,taco_000099.jpg,batch_1/000128.JPG,https://farm66.staticflickr.com/65535/40888924973_a9eca71e01_o.png,https://farm66.staticflickr.com/65535/40888924973_74cb166543_z.jpg,CC BY 4.0 (TACO default for missing image license),Aluminium foil; Drink can; Food Can; Other plastic bottle; Plastic bottle cap; Plastic film; Pop tab,480,640,5b3ccea0d7137c19f782b30ddf92df50bc0768806463205a07f2ae8ff1757177,test,9
98,taco_000098.jpg,batch_1/000127.JPG,https://farm66.staticflickr.com/65535/47066101834_982b3aa015_o.png,https://farm66.staticflickr.com/65535/47066101834_e59b4db06a_z.jpg,CC BY 4.0 (TACO default for missing image license),Food Can; Plastic film; Spread tub; Tissues,480,640,e847606469baf27502007502d283d1cb28342d9c1e01e867a7d3e04d03f1db67,test,6
944,taco_000944.jpg,batch_4/000077.JPG,https://farm66.staticflickr.com/65535/40889498363_1f4a8a33f2_o.png,https://farm66.staticflickr.com/65535/40889498363_09aa74d794_z.jpg,CC BY 4.0 (TACO default for missing image license),Plastic film,640,480,b771dbd173919a75560bba0deda18a5ca130757462929a919ee1f6628c6a40d9,test,1
3,taco_000003.jpg,batch_1/000019.jpg,https://farm66.staticflickr.com/65535/47803331492_0e1085ca55_o.png,https://farm66.staticflickr.com/65535/47803331492_b8c0e5aafe_z.jpg,CC BY 4.0 (TACO default for missing image license),Clear plastic bottle; Drink can; Plastic bottle cap,640,480,e1befd7ac4594d3c15b3e91ef875ca8c4d4e120e5483dd616fd5a2b3f239757e,test,4
701,taco_000701.jpg,batch_2/000019.JPG,https://farm66.staticflickr.com/65535/33978361098_bbf81ef39e_o.png,https://farm66.staticflickr.com/65535/33978361098_904feda325_z.jpg,CC BY 4.0 (TACO default for missing image license),Clear plastic bottle,640,480,efb5074fd2bc2f41f86e5a7b0a6789173386768b0866a5bc81c0ad53ed6a3f7e,test,1
1143,taco_001143.jpg,batch_6/000034.JPG,https://farm66.staticflickr.com/65535/46939984435_3daa96886a_o.png,https://farm66.staticflickr.com/65535/46939984435_0dc8274df8_z.jpg,CC BY 4.0 (TACO default for missing image license),Clear plastic bottle,480,640,7f0ad72020b2220d01976a180a1481f39100c3c5bd000df69573bf86af346e46,test,2
1069,taco_001069.jpg,batch_5/000055.JPG,https://farm66.staticflickr.com/65535/47856204461_12f6ed89ca_o.png,https://farm66.staticflickr.com/65535/47856204461_2258b8fcac_z.jpg,CC BY 4.0 (TACO default for missing image license),Plastic lid; Plastic straw,480,640,6a6ef16c25666081a094c3841ed8a7efa2722b0d0fdee23f7492289a00c56982,test,2
706,taco_000706.jpg,batch_2/000024.JPG,https://farm66.staticflickr.com/65535/32911562237_6714aee967_o.png,https://farm66.staticflickr.com/65535/32911562237_fe1d0c0c55_z.jpg,CC BY 4.0 (TACO default for missing image license),Glass bottle; Metal bottle cap,480,640,b1fa0cd9b13db5f2df4a44a06c7e702a4f7e9fe658852cd599bb00d1bd130edf,test,4
848,taco_000848.jpg,batch_3/IMG_4928.JPG,https://farm66.staticflickr.com/65535/46939529825_f10bdde536_o.png,https://farm66.staticflickr.com/65535/46939529825_1ea48f1e47_z.jpg,CC BY 4.0 (TACO default for missing image license),Plastic utensils,480,640,a3a0c6d030d1491e4ba997b2aca0a4b2d48b00265cdf32b3fc8c32cc9b961e7b,test,1
